item_id,quantity,price,last_updated
A726,0.0,,2023-01-05
A972,70.0,,
A836,0.0,,
A214,0.0,349.8,
A675,0.0,,
A222,0.0,,
A806,85.0,,2023-01-01
A792,0.0,32.1,2023-01-05
A175,0.0,34.18,
A403,0.0,,2023-05-10
A703,0.0,57.72,2023-01-05
A855,0.0,,2023-01-05
A944,0.0,152.65,
A280,26.0,,2023-05-10
A269,97.0,,2023-05-10
A442,0.0,,2023-05-10
A687,6.0,,2023-01-01
A508,67.0,,2023-01-01
A458,71.0,,2023-05-10
A117,61.0,,2023-01-05
A248,96.0,,
A617,0.0,,2023-01-01
A935,19.0,,2023-01-01
A576,0.0,,
A600,0.0,,
A469,6.0,,2023-01-05
A149,0.0,,2023-05-10
A670,0.0,,2023-01-01
A709,0.0,,2023-01-05
A871,0.0,,
A783,0.0,,
A619,0.0,10.84,2023-01-05
A961,0.0,,
A337,0.0,260.87,
A699,0.0,,
A751,0.0,,2023-01-01
A720,50.0,,2023-05-10
A344,0.0,,
A389,0.0,,
A479,0.0,,2023-01-01
A543,0.0,,
A476,19.0,,
A776,0.0,,
A753,0.0,,
A553,0.0,95.15,
A593,42.0,454.83,
A368,0.0,,
A622,41.0,,2023-01-05
A840,0.0,113.76,
A415,0.0,497.79,2023-01-01
A481,0.0,,2023-05-10
A182,0.0,,2023-05-10
A339,50.0,312.92,2023-05-10
A137,0.0,,2023-01-01
A455,0.0,,2023-01-05
A523,73.0,,2023-01-05
A976,0.0,,2023-05-10
A440,0.0,,2023-01-01
A329,0.0,,2023-01-01
A292,44.0,,2023-01-05
A963,0.0,,2023-05-10
A983,66.0,73.01,
A559,0.0,,
A893,0.0,,2023-05-10
A514,0.0,,
A309,3.0,,2023-01-05
A426,73.0,,2023-01-01
A717,0.0,,2023-05-10
A376,0.0,,2023-01-01
A452,0.0,,2023-01-05
A962,0.0,,
A374,0.0,,2023-05-10
A995,0.0,,
A837,0.0,,
A216,0.0,,2023-01-05
A663,0.0,,
A167,83.0,,
A202,0.0,,
A392,0.0,,2023-01-01
A853,0.0,,
A174,0.0,,2023-05-10
A625,0.0,,
A655,67.0,258.15,
A224,0.0,,
A337,0.0,,2023-01-01
A889,0.0,,
A245,67.0,,2023-01-01
A173,0.0,,2023-05-10
A669,0.0,,2023-01-01
A640,0.0,,2023-01-05
A116,0.0,,2023-01-05
A805,28.0,,2023-05-10
A318,0.0,,2023-01-05
A317,0.0,,
A133,0.0,233.45,
A666,0.0,,2023-01-01
A470,0.0,,2023-05-10
A337,0.0,115.09,2023-01-01
A678,0.0,,2023-05-10
A362,0.0,,2023-05-10
A726,0.0,,2023-01-05
A972,70.0,,
A836,0.0,,
A214,0.0,349.8,
A675,0.0,,
A222,0.0,,
A806,85.0,,2023-01-01
A792,0.0,32.1,2023-01-05
A175,0.0,34.18,
A403,0.0,,2023-05-10
A703,0.0,57.72,2023-01-05
A855,0.0,,2023-01-05
A944,0.0,152.65,
A280,26.0,,2023-05-10
A269,97.0,,2023-05-10
A442,0.0,,2023-05-10
A687,6.0,,2023-01-01
A508,67.0,,2023-01-01
A458,71.0,,2023-05-10
A117,61.0,,2023-01-05
A248,96.0,,
A617,0.0,,2023-01-01
A935,19.0,,2023-01-01
A576,0.0,,
A600,0.0,,
A469,6.0,,2023-01-05
A149,0.0,,2023-05-10
A670,0.0,,2023-01-01
A709,0.0,,2023-01-05
A871,0.0,,
A783,0.0,,
A619,0.0,10.84,2023-01-05
A961,0.0,,
A337,0.0,260.87,
A699,0.0,,
A751,0.0,,2023-01-01
A720,50.0,,2023-05-10
A344,0.0,,
A389,0.0,,
A479,0.0,,2023-01-01
A543,0.0,,
A476,19.0,,
A776,0.0,,
A753,0.0,,
A553,0.0,95.15,
A593,42.0,454.83,
A368,0.0,,
A622,41.0,,2023-01-05
A840,0.0,113.76,
A415,0.0,497.79,2023-01-01
A597,0.0,,2023-01-01
A902,0.0,,2023-01-01
A106,21.0,431.72,2023-01-01
A695,0.0,,
A404,0.0,,2023-05-10
A549,0.0,,2023-05-10
A298,47.0,231.7,
A520,0.0,18.02,2023-01-01
A429,37.0,,2023-05-10
A608,0.0,,
A671,0.0,256.7,2023-01-01
A302,0.0,,
A676,0.0,,2023-01-01
A967,0.0,,2023-01-01
A509,31.0,,2023-01-05
A593,0.0,,2023-01-05
A711,0.0,372.02,2023-05-10
A863,0.0,,
A664,0.0,,2023-05-10
A753,0.0,,2023-01-05
A653,97.0,,2023-01-05
A184,0.0,,2023-01-01
A663,76.0,,
A825,0.0,,
A506,0.0,,
A606,8.0,407.44,2023-05-10
A139,70.0,,2023-05-10
A180,0.0,71.58,2023-01-05
A564,67.0,,2023-05-10
A794,0.0,,2023-01-01
A518,90.0,,
A786,0.0,,2023-05-10
A199,0.0,,2023-01-05
A604,0.0,,2023-01-05
A923,0.0,,
A678,0.0,93.59,2023-01-01
A552,0.0,,
A393,0.0,91.5,2023-05-10
A116,0.0,,2023-05-10
A637,0.0,,2023-05-10
A479,0.0,,2023-05-10
A919,69.0,199.49,2023-01-01
A602,0.0,,
A495,0.0,479.85,
A952,0.0,,
A885,0.0,,
A913,77.0,,
A954,0.0,,2023-05-10
A414,0.0,,
A519,62.0,,2023-01-01
A353,0.0,,2023-01-05
A363,0.0,,2023-01-01
A378,0.0,,2023-05-10
A975,0.0,,2023-01-05
A520,0.0,317.09,2023-05-10
A387,19.0,,
A656,0.0,,2023-05-10
A187,38.0,,
A580,0.0,,2023-01-05
A741,0.0,,2023-01-01
A349,0.0,315.59,2023-01-05
A187,0.0,,2023-01-05
A613,0.0,364.04,2023-05-10
A771,0.0,,2023-01-05
A721,0.0,,
A586,0.0,,2023-05-10
A756,0.0,255.45,2023-01-05
A617,0.0,268.52,
A339,0.0,453.76,
A638,0.0,,2023-05-10
A162,0.0,197.95,2023-01-01
A243,0.0,,2023-01-05
A304,0.0,94.82,
A736,80.0,,
A468,0.0,,
A979,0.0,,2023-01-05
A713,0.0,,2023-01-01
A920,0.0,,2023-01-05
A545,0.0,46.4,
A867,79.0,,
A603,0.0,,
A958,0.0,450.14,
A781,0.0,,2023-05-10
A446,43.0,,
A192,65.0,,2023-05-10
A608,28.0,421.17,
A528,0.0,30.02,2023-01-01
A370,42.0,,2023-01-01
A360,0.0,,2023-05-10
A393,0.0,,
A881,0.0,,
A258,16.0,,2023-05-10
A834,0.0,,
A853,0.0,,
A929,0.0,,2023-01-01
A720,0.0,,2023-05-10
A537,0.0,393.78,
A684,0.0,234.72,2023-01-05
A498,60.0,,
A369,0.0,,2023-01-05
A461,0.0,,2023-05-10
A813,0.0,,
A725,26.0,5.91,
A658,0.0,,
A911,0.0,,
A577,0.0,,
A696,0.0,,
A560,64.0,,
A824,0.0,,2023-01-01
A501,0.0,369.2,2023-01-05
A501,0.0,,2023-01-01
A171,0.0,,2023-05-10
A909,0.0,,
A652,0.0,,2023-01-05
A156,0.0,,2023-01-05
A657,0.0,,2023-01-05
A899,25.0,378.28,2023-05-10
A906,0.0,,2023-01-05
A555,0.0,,
A893,73.0,358.48,2023-01-01
A338,4.0,,
A888,0.0,,
A105,0.0,,
A958,0.0,,2023-05-10
A829,94.0,101.58,
A985,0.0,,2023-05-10
A850,16.0,,2023-01-01
A996,0.0,,2023-01-05
A506,0.0,119.65,
A404,0.0,,2023-05-10
A859,0.0,,2023-01-05
A692,85.0,,
A840,0.0,,
A878,0.0,,2023-05-10
A174,0.0,446.77,2023-01-05
A186,0.0,447.92,
A681,0.0,,2023-01-01
A742,0.0,,2023-01-01
A718,0.0,177.53,
A984,0.0,267.33,
A940,0.0,,2023-01-05
A623,0.0,456.79,2023-05-10
A650,0.0,,
A326,0.0,,
A405,0.0,,
A275,0.0,,
A823,4.0,,2023-01-05
A968,0.0,,
A319,67.0,,2023-01-01
A800,0.0,144.24,2023-01-05
A784,0.0,,2023-05-10
A349,44.0,,2023-01-01
A731,0.0,,2023-05-10
A746,0.0,,
A656,0.0,,
A265,0.0,,2023-01-01
A901,2.0,,
A862,0.0,190.62,2023-01-01
A908,0.0,,2023-05-10
A900,18.0,,
A616,0.0,145.96,2023-01-05
A199,0.0,,
A660,0.0,,2023-01-05
A102,0.0,,
A903,0.0,,2023-01-01
A969,99.0,,2023-05-10
A245,0.0,291.02,2023-01-05
A198,0.0,,2023-05-10
A283,0.0,,2023-05-10
A560,0.0,499.25,2023-05-10
A402,0.0,223.87,2023-05-10
A196,0.0,,
A831,0.0,155.21,
A248,0.0,429.45,
A434,0.0,,2023-01-05
A283,0.0,,2023-05-10
A785,0.0,277.15,
A966,25.0,,2023-05-10
A516,79.0,,2023-01-05
A637,0.0,,
A821,0.0,,
A480,60.0,172.83,2023-05-10
A767,84.0,,
A895,0.0,,2023-01-05
A948,70.0,490.06,
A756,91.0,,2023-05-10
A515,0.0,,2023-01-01
A144,100.0,,
A117,0.0,,2023-01-05
A319,0.0,,2023-01-05
A927,0.0,,2023-01-01
A926,0.0,,2023-05-10
A554,0.0,,2023-01-01
A993,13.0,,2023-05-10
A661,0.0,,
A112,32.0,467.67,
A334,0.0,,2023-01-05
A286,0.0,,2023-05-10
A561,0.0,,2023-05-10
A931,49.0,,2023-01-01
A739,73.0,,2023-01-05
A487,0.0,,2023-01-05
A660,0.0,,
A947,0.0,,2023-05-10
A938,5.0,105.67,2023-01-01
A873,0.0,,2023-05-10
A851,0.0,104.77,
A848,96.0,,2023-05-10
A321,0.0,,2023-01-05
A586,0.0,,
A509,0.0,240.52,2023-01-01
A936,0.0,409.46,2023-01-01
A146,0.0,279.47,
A704,0.0,,2023-05-10
A197,0.0,,2023-01-01
A906,0.0,,
A840,9.0,,2023-01-01
A966,16.0,,
A569,0.0,,
A365,0.0,400.46,2023-01-01
A405,0.0,391.16,2023-01-01
A111,0.0,,
A593,0.0,,
A532,51.0,74.71,
A423,75.0,,2023-05-10
A645,0.0,404.53,
A406,0.0,447.3,
A290,10.0,,2023-01-01
A828,75.0,,2023-01-05
A353,0.0,499.79,
A314,64.0,,2023-01-05
A424,0.0,,
A680,86.0,,2023-01-01
A826,45.0,,2023-05-10
A406,76.0,,
A477,0.0,,2023-01-05
A924,0.0,,
A533,0.0,,
A636,18.0,139.77,2023-05-10
A499,0.0,82.26,2023-01-05
A704,0.0,,2023-01-01
A327,55.0,165.3,2023-05-10
A148,0.0,,2023-05-10
A410,0.0,,2023-05-10
A130,0.0,167.28,2023-01-01
A760,0.0,62.34,2023-01-01
A350,0.0,,2023-05-10
A613,34.0,,2023-01-01
A557,0.0,131.83,
A503,0.0,229.94,
A696,9.0,287.57,
A658,80.0,,2023-01-05
A525,0.0,,2023-01-01
A613,0.0,,
A732,55.0,,2023-01-05
A868,86.0,,
A824,92.0,,2023-01-05
A609,0.0,,2023-01-01
A603,0.0,,
A122,0.0,,2023-05-10
A719,0.0,,2023-01-01
A383,52.0,,2023-05-10
A328,0.0,223.83,2023-01-01
A222,0.0,,2023-05-10
A484,0.0,,2023-01-01
A316,0.0,,2023-01-01
A986,0.0,317.21,
A718,0.0,,
A515,56.0,,
A596,0.0,405.37,
A894,57.0,398.07,2023-01-05
A905,19.0,,2023-01-05
A825,0.0,337.14,2023-01-01
A302,23.0,,
A248,24.0,,
A404,70.0,,2023-05-10
A446,0.0,,2023-01-01
A972,0.0,81.85,2023-01-05
A684,0.0,,2023-01-01
A583,30.0,,
A473,0.0,,2023-01-05
A808,0.0,,2023-05-10
A141,0.0,,2023-01-01
A155,0.0,,2023-05-10
A872,18.0,,2023-01-01
A144,48.0,,
A126,0.0,,
A179,0.0,102.18,
A733,0.0,,
A592,0.0,,2023-01-05
A378,43.0,,2023-01-01
A114,52.0,269.05,
A304,0.0,,2023-01-05
A113,0.0,,
A488,0.0,267.0,
A764,0.0,,2023-01-01
A473,0.0,,
A523,0.0,,2023-01-01
A823,0.0,,2023-05-10
A711,0.0,,2023-01-01
A889,0.0,,2023-01-05
A871,0.0,,2023-05-10
A887,0.0,,
A235,0.0,,2023-01-05
A822,42.0,123.42,2023-01-01
A222,43.0,,2023-01-01
A881,0.0,48.41,
A319,0.0,,
A917,0.0,,2023-01-05
A464,0.0,24.16,2023-01-01
A700,0.0,237.06,
A500,0.0,,
A175,0.0,,
A158,11.0,,2023-05-10
A786,0.0,,2023-05-10
A538,0.0,,2023-05-10
A327,0.0,93.66,2023-05-10
A595,0.0,,
A815,0.0,,
A491,0.0,180.07,2023-01-05
A805,0.0,,
A466,0.0,,2023-05-10
A624,0.0,,2023-01-05
A273,0.0,156.95,
A646,0.0,,2023-01-01
A789,0.0,,
A266,0.0,,2023-01-05
A762,51.0,,2023-05-10
A864,0.0,,
A916,50.0,,2023-01-05
A437,0.0,,2023-01-05
A736,0.0,,
A830,0.0,38.63,
A458,16.0,,2023-01-01
A231,73.0,,2023-05-10
A759,99.0,,
A421,10.0,,
A816,0.0,331.84,2023-05-10
A362,0.0,,2023-01-01
A381,0.0,,
A281,0.0,,2023-01-05
A104,97.0,72.36,
A478,0.0,,2023-05-10
A818,0.0,,2023-01-05
A165,64.0,,2023-01-05
A912,0.0,,2023-05-10
A575,0.0,,2023-01-01
A343,0.0,,2023-05-10
A988,18.0,,2023-05-10
A988,0.0,,
A554,0.0,,2023-01-01
A460,0.0,,
A206,16.0,,2023-05-10
A739,18.0,,2023-05-10
A783,0.0,29.03,
A924,15.0,,2023-01-01
A538,1.0,,2023-01-05
A720,0.0,,2023-05-10
A598,46.0,,2023-01-05
A774,0.0,,
A342,0.0,,2023-05-10
A616,0.0,,
A427,0.0,434.31,2023-05-10
A460,0.0,,
A558,0.0,,
A225,0.0,,2023-01-05
A184,0.0,148.58,
A576,17.0,,2023-01-05
A859,0.0,151.95,2023-05-10
A951,18.0,,
A103,0.0,,2023-05-10
A268,0.0,,2023-01-05
A313,0.0,351.85,
A634,0.0,,2023-01-01
A789,7.0,,
A535,0.0,,2023-01-05
A311,0.0,464.73,
A786,94.0,,
A817,4.0,,2023-01-05
A360,0.0,,2023-05-10
A195,97.0,,2023-05-10
A734,0.0,,
A336,0.0,168.06,
A720,73.0,,
A523,0.0,,2023-01-01
A523,68.0,,2023-01-01
A932,0.0,,2023-01-05
A496,0.0,,
A143,0.0,,
A241,0.0,,
A684,0.0,313.79,
A537,0.0,,
A865,0.0,,
A742,0.0,94.04,
A828,21.0,401.66,
A599,0.0,,2023-01-01
A913,0.0,,2023-01-01
A485,0.0,,
A897,72.0,257.53,
A282,72.0,35.72,2023-01-01
A557,0.0,237.15,2023-01-05
A751,0.0,418.0,2023-05-10
A421,0.0,,2023-01-05
A572,80.0,,2023-01-05
A283,0.0,,2023-01-01
A139,0.0,485.58,
A911,0.0,,2023-01-05
A104,95.0,,2023-01-01
A536,0.0,,
A601,36.0,,
A888,0.0,,2023-01-01
A193,59.0,,2023-01-01
A114,0.0,,2023-01-05
A655,0.0,,2023-05-10
A706,0.0,68.03,2023-05-10
A680,0.0,286.18,2023-05-10
A511,99.0,,2023-01-05
A471,13.0,,2023-01-05
A507,0.0,,2023-01-05
A638,0.0,,2023-01-05
A516,42.0,,2023-01-05
A822,0.0,186.45,2023-01-05
A154,0.0,,
A707,65.0,,2023-05-10
A379,0.0,,2023-05-10
A667,0.0,,
A412,0.0,,2023-01-05
A497,0.0,,2023-05-10
A877,0.0,,
A176,29.0,,2023-01-01
A652,62.0,,
A737,16.0,,
A699,63.0,,
A753,0.0,,2023-01-01
A677,78.0,,2023-01-05
A456,92.0,,
A430,100.0,,2023-05-10
A267,0.0,445.29,2023-05-10
A183,0.0,444.28,2023-05-10
A551,0.0,427.01,2023-01-05
A117,35.0,,
A872,0.0,,
A461,0.0,,2023-01-01
A776,0.0,,
A902,84.0,,2023-01-01
A445,0.0,,
A778,0.0,151.0,2023-01-05
A458,0.0,,
A178,0.0,,2023-01-05
A406,10.0,,2023-05-10
A967,0.0,,
A371,0.0,,
A399,0.0,,2023-01-05
A679,0.0,,2023-01-05
A136,0.0,,2023-01-01
A479,17.0,,
A766,0.0,,2023-05-10
A916,0.0,,2023-05-10
A805,0.0,326.02,2023-01-05
A442,0.0,253.45,
A761,0.0,,
A395,0.0,,2023-01-01
A637,42.0,,2023-01-01
A836,0.0,485.55,
A956,0.0,,
A880,0.0,,2023-05-10
A130,0.0,208.89,
A539,0.0,35.05,2023-05-10
A235,47.0,,2023-01-01
A395,0.0,473.27,2023-01-01
A944,0.0,461.62,
A504,0.0,,
A442,0.0,,2023-01-01
A453,0.0,462.07,2023-05-10
A524,0.0,,
A671,0.0,,2023-01-01
A985,69.0,,
A607,38.0,439.96,2023-05-10
A330,24.0,,
A280,67.0,233.72,
A631,0.0,,
A236,0.0,227.08,2023-05-10
A888,0.0,,
A109,9.0,293.79,
A369,0.0,,2023-05-10
A362,68.0,,
A785,0.0,,2023-05-10
A778,0.0,,2023-01-05
A616,0.0,,2023-05-10
A481,0.0,,2023-05-10
A782,0.0,,2023-01-05
A124,61.0,,2023-01-01
A932,0.0,,2023-05-10
A153,0.0,,
A493,3.0,,
A374,0.0,,2023-01-01
A103,50.0,,2023-01-05
A551,98.0,464.97,2023-01-05
A430,0.0,177.88,
A190,0.0,,2023-01-01
A414,0.0,,
A205,0.0,,
A874,0.0,,
A159,0.0,231.57,2023-05-10
A170,0.0,131.21,
A794,0.0,,
A395,0.0,,2023-05-10
A941,0.0,,
A473,0.0,,2023-01-01
A384,0.0,,2023-01-01
A300,0.0,,2023-01-01
A387,0.0,410.75,2023-01-05
A975,0.0,,2023-01-01
A828,0.0,,2023-05-10
A951,0.0,,
A436,0.0,,2023-01-01
A200,0.0,,2023-01-05
A904,0.0,,2023-01-01
A306,88.0,,
A503,0.0,,
A860,0.0,,2023-01-01
A658,0.0,,2023-05-10
A486,0.0,,2023-05-10
A359,0.0,,
A918,17.0,,2023-05-10
A694,98.0,,2023-05-10
A149,0.0,,2023-01-05
A118,43.0,,
A794,0.0,,2023-01-01
A503,82.0,316.98,
A982,100.0,,2023-05-10
A623,26.0,408.35,2023-01-01
A263,0.0,,
A355,0.0,,2023-05-10
A222,0.0,,2023-01-05
A458,0.0,,2023-01-05
A271,75.0,,2023-01-05
A913,0.0,,2023-01-05
A912,0.0,,
A437,0.0,,2023-01-05
A237,0.0,,2023-01-01
A687,52.0,,2023-05-10
A141,0.0,,2023-05-10
A550,0.0,,2023-01-01
A551,96.0,415.18,2023-01-01
A522,0.0,280.0,2023-01-01
A881,0.0,,2023-05-10
A379,50.0,,
A100,0.0,,
A753,0.0,,
A220,32.0,,2023-01-01
A468,0.0,,2023-01-05
A814,44.0,,
A261,96.0,,
A670,0.0,379.91,
A419,20.0,,2023-01-01
A144,0.0,,2023-01-05
A992,0.0,,2023-01-01
A873,0.0,,2023-01-05
A443,0.0,,2023-01-01
A114,60.0,,
A344,0.0,,
A852,0.0,,2023-01-01
A185,0.0,,
A697,0.0,99.14,2023-05-10
A951,0.0,317.95,2023-05-10
A401,0.0,,
A105,0.0,461.2,
A224,0.0,,2023-05-10
A977,0.0,51.33,2023-01-01
A925,0.0,,
A463,0.0,379.24,
A359,0.0,,2023-01-01
A231,0.0,,2023-01-05
A355,0.0,,
A189,0.0,,
A838,17.0,,2023-05-10
A594,0.0,99.02,2023-05-10
A937,0.0,,2023-01-01
A356,0.0,,2023-01-01
A789,0.0,393.6,2023-01-05
A611,0.0,,
A985,0.0,,2023-05-10
A670,0.0,,
A390,41.0,,
A559,0.0,,
A848,0.0,,2023-01-05
A148,0.0,393.33,
A751,0.0,,2023-01-05
A462,0.0,,2023-01-05
A494,0.0,,2023-01-01
A445,0.0,72.42,2023-01-01
A895,0.0,,
A647,0.0,,2023-01-05
A603,0.0,,2023-01-05
A657,83.0,,
A616,0.0,,
A174,0.0,,
A572,57.0,29.09,
A775,0.0,,2023-01-05
A949,0.0,46.7,2023-01-05
A682,0.0,,
A744,0.0,,2023-05-10
A839,0.0,36.45,
A582,0.0,,2023-01-01
A732,0.0,,2023-01-01
A295,0.0,182.1,
A291,0.0,,
A793,0.0,111.29,2023-01-01
A246,0.0,76.33,
A235,54.0,,
A291,59.0,233.46,2023-01-01
A512,0.0,,2023-05-10
A721,0.0,,2023-01-01
A126,0.0,,
A587,0.0,16.14,
A583,0.0,,2023-01-05
A572,0.0,,2023-01-05
A599,0.0,,
A756,0.0,,
A272,0.0,247.44,
A750,9.0,,2023-01-01
A795,0.0,,
A574,0.0,320.2,2023-01-01
A641,0.0,128.02,
A745,0.0,403.61,2023-01-05
A612,0.0,300.03,
A539,0.0,,
A641,0.0,,2023-05-10
A165,0.0,,2023-01-05
A849,26.0,,2023-05-10
A911,0.0,,2023-01-01
A907,0.0,239.47,
A153,0.0,,2023-05-10
A360,0.0,,
A775,98.0,,2023-01-05
A375,78.0,,2023-05-10
A339,36.0,,2023-01-01
A220,0.0,,2023-01-05
A336,0.0,342.42,2023-01-05
A957,0.0,,
A709,0.0,361.64,
A983,0.0,,
A947,0.0,,2023-05-10
A945,98.0,,2023-01-05
A130,0.0,,2023-01-05
A604,0.0,,2023-05-10
A946,0.0,467.69,2023-01-05
A561,0.0,,
A315,2.0,,
A334,23.0,,2023-01-01
A566,0.0,,2023-01-01
A108,0.0,,2023-01-05
A627,0.0,457.54,2023-01-01
A905,0.0,,
A678,0.0,,2023-01-05
A286,0.0,164.09,2023-01-05
A456,0.0,,2023-05-10
A861,0.0,,2023-01-05
A443,0.0,,
A597,0.0,,2023-01-01
A638,0.0,,2023-05-10
A180,0.0,,2023-01-01
A172,0.0,,
A330,0.0,,2023-01-05
A262,0.0,,
A514,0.0,,2023-01-05
A132,85.0,,
A758,94.0,,2023-01-01
A832,0.0,488.94,2023-01-01
A678,48.0,,
A888,0.0,,
A759,0.0,,
A995,0.0,,2023-05-10
A467,0.0,,2023-01-05
A744,0.0,,2023-01-05
A379,0.0,,
A467,0.0,13.59,2023-01-05
A152,0.0,,2023-01-05
A118,0.0,288.04,2023-01-01
A806,0.0,485.43,2023-01-05
A142,87.0,,2023-01-05
A970,0.0,347.87,
A170,0.0,138.82,
A779,7.0,,2023-01-01
A240,0.0,,
A733,0.0,,2023-05-10
A323,0.0,,2023-01-01
A605,0.0,,2023-05-10
A312,0.0,486.95,2023-01-05
A225,0.0,,2023-01-01
A310,0.0,206.48,2023-01-05
A129,65.0,,
A237,0.0,137.3,2023-01-05
A585,0.0,,
A600,0.0,,
A395,17.0,,
A407,0.0,,2023-05-10
A618,0.0,413.62,2023-05-10
A599,20.0,,
A586,0.0,,
A968,82.0,,
A903,0.0,,2023-05-10
A390,0.0,,2023-05-10
A918,75.0,,
A165,0.0,388.1,
A855,0.0,,2023-01-05
A633,0.0,,2023-01-05
A476,0.0,260.99,
A295,79.0,,
A864,47.0,,
A764,0.0,,
A502,0.0,496.4,2023-01-05
A725,0.0,375.3,
A279,47.0,16.78,
A365,0.0,,
A447,78.0,404.28,2023-01-05
A898,97.0,,
A233,4.0,351.2,2023-01-01
A493,0.0,,
A372,0.0,370.53,
A204,59.0,,2023-01-01
A533,0.0,,2023-01-05
A461,65.0,248.0,2023-01-01
A850,0.0,,2023-01-01
A493,0.0,,2023-01-05
A613,0.0,,2023-05-10
A398,0.0,,
A899,0.0,,2023-05-10
A916,0.0,,
A964,39.0,465.01,2023-05-10
A353,0.0,428.41,
A613,13.0,,
A853,0.0,,
A960,0.0,28.84,2023-01-05
A822,0.0,,
A794,0.0,106.78,
A169,0.0,,2023-01-01
A751,0.0,,
A890,0.0,327.42,
A765,0.0,,2023-01-05
A214,19.0,,2023-05-10
A277,0.0,,2023-05-10
A668,0.0,,
A402,21.0,,
A569,46.0,,2023-05-10
A304,0.0,,
A719,0.0,,2023-01-05
A894,88.0,,
A693,0.0,,2023-01-01
A709,0.0,,
A520,16.0,226.01,2023-01-01
A964,0.0,,2023-01-01
A131,0.0,,2023-05-10
A181,0.0,121.73,
A421,0.0,,
A804,13.0,,
A688,0.0,,
A594,0.0,,2023-01-01
A133,0.0,,
A622,5.0,,2023-05-10
A743,0.0,,2023-05-10
A877,0.0,,2023-01-01
A406,0.0,,2023-01-01
A653,0.0,,2023-01-05
A583,9.0,,2023-01-01
A778,70.0,,2023-05-10
A239,0.0,,
A592,0.0,,
A440,0.0,410.82,
A384,0.0,,
A335,0.0,428.6,
A619,0.0,,
A859,0.0,,2023-05-10
A801,0.0,167.85,
A488,0.0,11.74,
A819,3.0,,2023-01-05
A945,0.0,,2023-05-10
A852,53.0,328.94,
A424,0.0,,2023-05-10
A526,0.0,,
A421,0.0,,
A778,97.0,,2023-05-10
A227,0.0,,
A253,86.0,,
A163,0.0,,2023-01-05
A650,71.0,,
A503,0.0,,2023-01-05
A672,0.0,,2023-05-10
A269,0.0,65.45,
A293,0.0,,
A493,0.0,,2023-05-10
A487,0.0,,2023-01-05
A664,0.0,,2023-05-10
A510,17.0,,2023-01-05
A541,27.0,366.04,
A710,61.0,,2023-01-05
A908,0.0,,
A599,0.0,,
A473,0.0,427.05,2023-01-01
A610,0.0,,
A790,0.0,,2023-01-05
A941,0.0,,2023-01-05
A799,0.0,,
A667,0.0,484.88,
A404,0.0,,2023-01-05
A936,0.0,,
A822,0.0,,
A783,0.0,492.82,
A364,0.0,316.12,2023-01-01
A822,0.0,6.51,
A951,0.0,,
A605,0.0,,2023-05-10
A805,0.0,,2023-05-10
A373,0.0,,2023-01-01
A132,99.0,,2023-01-01
A829,0.0,,2023-01-01
A526,0.0,151.88,
A803,0.0,,2023-05-10
A259,51.0,313.35,2023-01-01
A388,0.0,,2023-01-05
A956,0.0,12.21,
A679,0.0,,
A540,0.0,47.15,2023-01-05
A828,0.0,,
A657,0.0,,2023-01-05
A426,0.0,,2023-01-05
A951,0.0,,
A933,0.0,,
A850,0.0,,2023-01-01
A814,0.0,,
A126,80.0,,
A881,0.0,,2023-01-05
A685,0.0,,2023-05-10
A855,0.0,,2023-05-10
A715,0.0,,2023-01-01
A694,74.0,341.48,
A695,0.0,124.23,2023-01-05
A205,0.0,,
A896,12.0,,2023-05-10
A930,0.0,,
A806,0.0,,
A610,0.0,,2023-01-01
A288,0.0,,
A907,33.0,,2023-01-05
A841,0.0,,2023-01-01
A833,0.0,,2023-01-05
A631,0.0,351.22,
A205,0.0,,2023-05-10
A582,0.0,,
A598,65.0,,2023-01-05
A376,12.0,438.9,2023-01-05
A278,0.0,188.96,
A252,0.0,43.44,2023-01-01
A930,58.0,,
A201,0.0,,
A306,0.0,,2023-05-10
A440,19.0,357.01,
A959,0.0,269.83,
A189,37.0,,2023-01-05
A770,23.0,278.13,
A882,0.0,,2023-01-05
A472,0.0,209.91,
A825,0.0,,2023-01-01
A134,0.0,407.54,2023-01-01
A677,0.0,,
A263,0.0,,2023-01-01
A333,0.0,,
A768,0.0,,
A917,0.0,,2023-01-01
A356,0.0,,2023-05-10
A151,0.0,,
A190,0.0,,
A815,0.0,,
A548,0.0,492.83,
A238,0.0,,2023-01-05
A829,0.0,175.23,2023-01-01
A888,0.0,,
A912,0.0,36.34,
A639,0.0,,2023-01-01
A113,0.0,195.53,
A943,0.0,,2023-05-10
A210,0.0,,2023-01-05
A952,11.0,,2023-01-01
A392,11.0,,2023-01-05
A151,0.0,,2023-01-01
A450,0.0,493.97,2023-01-05
A512,48.0,,2023-01-01
A128,42.0,481.16,
A967,0.0,,2023-01-01
A484,0.0,,2023-01-01
A450,0.0,,2023-01-05
A929,55.0,,
A968,0.0,,2023-05-10
A606,0.0,,2023-05-10
A878,0.0,,2023-01-01
A937,26.0,,2023-01-05
A273,34.0,,
A316,0.0,,2023-01-05
A311,60.0,,
A420,0.0,,2023-05-10
A105,0.0,,
A456,0.0,,2023-01-05
A547,8.0,,2023-01-05
A490,0.0,,
A323,0.0,,2023-05-10
A289,0.0,430.29,2023-05-10
A625,0.0,,2023-01-05
A750,0.0,,2023-05-10
A577,0.0,,
A746,77.0,,2023-01-05
A363,29.0,,
A399,0.0,215.91,
A419,35.0,,
A229,0.0,,
A902,0.0,243.47,
A608,98.0,,2023-01-05
A422,0.0,,2023-01-01
A610,0.0,369.33,2023-01-01
A151,0.0,,2023-01-01
A558,0.0,,
A619,11.0,,2023-05-10
A329,0.0,,2023-05-10
A588,0.0,,2023-01-05
A102,0.0,,
A741,0.0,,2023-05-10
A665,0.0,387.9,
A899,0.0,,
A594,0.0,217.92,2023-01-05
A599,0.0,13.29,
A572,0.0,,2023-05-10
A591,0.0,,2023-01-05
A251,79.0,,2023-01-01
A618,0.0,,2023-01-05
A346,0.0,462.03,2023-05-10
A156,0.0,109.81,2023-01-05
A525,20.0,,2023-05-10
A983,0.0,,
A910,0.0,393.75,
A969,58.0,,2023-01-05
A476,0.0,,
A271,0.0,,
A611,0.0,492.79,2023-01-05
A537,0.0,,2023-05-10
A681,0.0,,
A323,0.0,,2023-05-10
A306,72.0,,2023-05-10
A864,0.0,,2023-05-10
A380,0.0,,2023-01-01
A311,9.0,,2023-01-05
A565,0.0,411.11,2023-01-05
A494,0.0,,2023-01-05
A771,0.0,,
A839,0.0,,2023-01-05
A814,0.0,283.15,2023-05-10
A109,0.0,,2023-05-10
A207,0.0,,2023-01-01
A577,0.0,,2023-01-05
A931,41.0,413.1,
A891,0.0,242.59,2023-05-10
A997,43.0,,2023-05-10
A360,0.0,439.54,2023-05-10
A653,0.0,,2023-01-05
A462,0.0,,2023-01-01
A592,0.0,,2023-05-10
A837,0.0,,2023-05-10
A893,0.0,,2023-05-10
A561,0.0,388.81,2023-05-10
A124,0.0,223.21,
A422,0.0,,2023-05-10
A470,0.0,189.69,
A459,24.0,,2023-05-10
A126,0.0,,2023-01-05
A561,64.0,,2023-01-01
A520,0.0,,2023-01-05
A538,0.0,,2023-01-01
A340,0.0,,2023-01-01
A178,74.0,,2023-01-05
A249,0.0,65.66,2023-01-01
A555,0.0,134.11,
A435,0.0,94.27,2023-01-05
A328,0.0,,2023-01-05
A491,0.0,,
A857,51.0,,2023-01-01
A435,0.0,411.65,
A456,0.0,,2023-01-01
A561,0.0,473.96,
A611,15.0,227.07,2023-01-01
A487,0.0,,2023-01-05
A436,0.0,,2023-01-01
A162,0.0,,2023-01-01
A778,42.0,484.84,2023-01-05
A473,57.0,,2023-05-10
A971,0.0,,2023-01-01
A204,0.0,,
A499,0.0,,
A806,33.0,,2023-05-10
A234,9.0,,2023-05-10
A531,0.0,,
A933,76.0,92.6,
A961,78.0,,
A893,70.0,,
A316,0.0,467.73,
A766,0.0,,2023-01-05
A274,0.0,417.85,2023-01-01
A234,0.0,366.93,2023-01-01
A782,10.0,107.65,2023-05-10
A201,9.0,,2023-01-05
A136,82.0,,
A512,7.0,,
A574,0.0,,
A790,22.0,172.92,
A616,0.0,349.08,
A388,0.0,,
A878,0.0,,2023-05-10
A386,4.0,,2023-01-01
A408,0.0,314.94,
A844,0.0,344.41,2023-01-01
A762,0.0,,2023-01-01
A784,0.0,,2023-01-01
A991,84.0,,
A838,64.0,,2023-01-01
A633,0.0,110.88,2023-01-05
A643,71.0,55.2,2023-05-10
A495,0.0,84.96,2023-01-01
A884,0.0,101.72,2023-01-05
A603,0.0,,2023-01-05
A256,0.0,,2023-05-10
A816,0.0,,2023-05-10
A942,0.0,,
A849,61.0,,2023-01-01
A676,0.0,,
A279,0.0,,
A878,0.0,,2023-01-01
A369,0.0,,2023-01-05
A243,0.0,128.32,
A567,69.0,,2023-01-01
A396,0.0,,
A252,0.0,,2023-05-10
A245,0.0,,2023-01-05
A574,0.0,56.8,
A928,82.0,,
A484,0.0,,
A459,0.0,,
A651,58.0,,2023-01-01
A610,0.0,119.05,2023-01-05
A587,0.0,,
A428,0.0,,2023-05-10
A201,0.0,,2023-05-10
A573,0.0,23.66,2023-05-10
A970,0.0,205.23,2023-01-01
A309,0.0,,2023-05-10
A121,0.0,,2023-05-10
A673,0.0,,
A182,0.0,,2023-05-10
A339,0.0,,2023-01-05
A461,0.0,,2023-05-10
A244,0.0,,
A241,0.0,,
A309,0.0,365.49,2023-01-01
A801,0.0,,2023-01-01
A663,30.0,,2023-01-01
A120,0.0,,
A563,27.0,,
A897,37.0,447.28,
A759,0.0,,2023-05-10
A553,0.0,188.23,2023-01-01
A345,0.0,,
A542,0.0,,
A134,0.0,414.75,2023-05-10
A175,33.0,452.45,2023-05-10
A405,0.0,,2023-01-01
A763,0.0,,2023-01-01
A994,0.0,266.84,2023-05-10
A291,0.0,,2023-01-01
A364,0.0,,2023-01-05
A449,0.0,,2023-01-01
A940,0.0,202.32,2023-05-10
A690,0.0,,2023-01-01
A312,0.0,,
A400,0.0,,
A593,0.0,,2023-05-10
A735,0.0,484.83,
A159,0.0,,
A274,55.0,,2023-01-05
A904,0.0,73.07,2023-01-01
A216,74.0,140.13,
A503,43.0,,
A208,0.0,,2023-01-01
A442,0.0,,2023-01-05
A746,24.0,94.71,2023-01-05
A491,0.0,,
A397,0.0,,2023-05-10
A135,0.0,,2023-05-10
A450,19.0,,2023-01-01
A299,0.0,,2023-01-05
A603,0.0,332.42,
A881,0.0,88.07,2023-05-10
A580,0.0,,2023-01-01
A817,50.0,,2023-01-05
A556,1.0,389.53,
A688,62.0,,2023-01-05
A383,18.0,245.27,
A906,0.0,,2023-01-05
A684,0.0,,2023-01-01
A169,0.0,300.27,2023-05-10
A209,80.0,103.9,2023-01-05
A799,0.0,,
A518,0.0,348.47,2023-01-05
A549,0.0,,2023-05-10
A919,0.0,,2023-01-01
A429,0.0,,
A975,77.0,,
A872,0.0,377.44,
A911,0.0,,2023-01-05
A858,0.0,,
A147,0.0,,
A455,0.0,,
A370,0.0,,2023-01-01
A391,0.0,,2023-05-10
A988,85.0,,
A112,0.0,,2023-05-10
A916,0.0,96.13,
A609,0.0,41.12,
A252,75.0,,2023-01-01
A795,0.0,175.48,
A149,0.0,,
A913,0.0,,2023-05-10
A742,32.0,,
A586,0.0,275.38,2023-05-10
A765,0.0,,2023-01-05
A105,0.0,301.55,2023-01-05
A320,0.0,,2023-01-05
A730,76.0,,2023-01-05
A698,0.0,,2023-05-10
A420,0.0,,2023-05-10
A705,0.0,,
A985,0.0,,2023-01-01
A408,0.0,409.25,
A911,57.0,,2023-01-05
A907,0.0,413.26,2023-01-01
A955,0.0,,2023-01-01
A692,0.0,,2023-01-05
A274,0.0,459.73,2023-01-05
A344,83.0,,2023-01-01
A543,0.0,,
A423,0.0,,
A924,0.0,,2023-01-05
A821,0.0,,
A258,0.0,,
A569,0.0,,
A879,0.0,,2023-01-01
A711,88.0,,2023-01-05
A803,21.0,75.24,2023-01-05
A769,0.0,,2023-05-10
A895,0.0,32.09,2023-01-05
A634,43.0,,2023-05-10
A917,0.0,,
A321,0.0,470.02,
A150,0.0,,
A652,0.0,,2023-05-10
A601,0.0,,2023-05-10
A576,0.0,,2023-01-01
A818,55.0,,
A525,0.0,386.32,
A463,20.0,,2023-01-01
A332,0.0,466.41,2023-05-10
A150,0.0,,2023-01-05
A887,0.0,,2023-01-01
A914,0.0,,2023-01-01
A727,0.0,99.93,2023-01-05
A530,22.0,,2023-01-01
A233,59.0,374.85,
A745,0.0,,2023-01-01
A804,66.0,,
A517,0.0,,
A843,42.0,401.77,2023-05-10
A124,0.0,120.3,2023-01-01
A791,0.0,,2023-01-05
A175,0.0,458.18,2023-01-01
A170,0.0,,
A993,0.0,,2023-05-10
A399,25.0,,
A236,0.0,236.01,2023-01-05
A801,0.0,297.38,2023-05-10
A287,0.0,409.42,2023-01-05
A725,0.0,,2023-01-01
A616,90.0,472.71,
A560,0.0,,2023-01-05
A323,0.0,,2023-01-05
A179,30.0,,
A398,0.0,70.28,2023-01-05
A805,0.0,,
A270,0.0,,
A242,0.0,337.94,2023-05-10
A385,46.0,,2023-01-05
A667,0.0,,2023-01-05
A572,0.0,,2023-01-01
A961,0.0,192.74,
A531,5.0,,
A410,0.0,,2023-01-01
A607,0.0,,
A719,0.0,,2023-05-10
A401,0.0,,
A782,0.0,,2023-05-10
A917,0.0,495.0,2023-01-01
A703,0.0,472.27,2023-01-01
A827,0.0,,2023-01-01
A733,0.0,132.15,2023-01-05
A386,100.0,,
A745,98.0,,
A995,0.0,,2023-05-10
A884,0.0,,
A267,0.0,,2023-01-01
A672,0.0,382.13,
A609,34.0,,2023-01-01
A579,0.0,,
A495,0.0,,2023-05-10
A307,0.0,,2023-05-10
A566,0.0,,2023-01-01
A834,0.0,,
A184,9.0,,2023-01-01
A560,0.0,,2023-01-01
A698,43.0,,2023-05-10
A404,69.0,,
A569,0.0,,
A812,0.0,93.69,2023-05-10
A130,0.0,,2023-05-10
A871,0.0,,
A397,0.0,,2023-05-10
A425,0.0,,
A476,0.0,40.55,2023-01-05
A263,0.0,,2023-01-05
A703,0.0,,2023-01-01
A292,0.0,,2023-01-01
A274,0.0,,2023-05-10
A875,0.0,,
A859,0.0,,
A626,0.0,,
A461,0.0,,2023-01-05
A747,0.0,,2023-01-01
A480,74.0,,
A257,81.0,,
A791,0.0,,
A513,0.0,,2023-01-05
A995,0.0,,2023-01-05
A513,0.0,277.25,
A564,0.0,,
A141,0.0,,
A319,82.0,298.42,2023-05-10
A770,0.0,170.25,
A307,0.0,,
A828,62.0,472.95,2023-05-10
A495,0.0,,
A467,0.0,,2023-01-01
A204,6.0,,2023-01-01
A499,0.0,,2023-05-10
A486,0.0,,2023-05-10
A918,0.0,,2023-01-01
A523,0.0,,2023-01-05
A634,1.0,,
A680,0.0,,2023-05-10
A346,55.0,,
A953,0.0,,
A757,0.0,215.19,2023-01-01
A519,0.0,281.8,
A982,52.0,261.71,2023-01-05
A104,97.0,59.61,
A798,0.0,,
A998,0.0,104.11,2023-01-01
A791,0.0,,
A874,0.0,,2023-01-01
A348,0.0,,2023-01-05
A419,0.0,248.92,2023-05-10
A600,0.0,,2023-05-10
A140,0.0,396.92,2023-01-01
A573,64.0,413.94,
A783,0.0,,2023-01-01
A246,0.0,78.27,
A925,0.0,491.4,2023-05-10
A755,0.0,219.69,
A354,20.0,,
A842,0.0,393.49,
A120,17.0,,2023-01-05
A748,0.0,,2023-01-01
A288,0.0,310.63,
A999,0.0,334.81,2023-01-01
A622,66.0,,2023-01-01
A578,0.0,,2023-01-01
A124,0.0,,2023-05-10
A676,0.0,,
A276,0.0,,2023-01-05
A633,0.0,148.03,
A723,6.0,72.47,2023-01-01
A743,0.0,,2023-01-05
A613,0.0,,2023-05-10
A880,0.0,,2023-05-10
A335,50.0,,2023-01-05
A133,0.0,6.14,2023-01-01
A538,0.0,,2023-01-01
A712,46.0,441.08,2023-01-05
A910,0.0,,2023-05-10
A797,0.0,,2023-01-05
A660,33.0,,
A199,0.0,,2023-01-01
A960,0.0,,2023-05-10
A388,0.0,,
A873,92.0,,2023-05-10
A961,0.0,,
A347,0.0,,2023-05-10
A819,31.0,,
A441,58.0,,2023-05-10
A983,0.0,,2023-01-01
A305,0.0,24.57,
A493,0.0,,2023-05-10
A944,0.0,213.0,
A636,0.0,43.61,2023-01-05
A661,39.0,,2023-01-01
A402,0.0,,2023-01-01
A202,0.0,,2023-05-10
A932,0.0,,
A781,0.0,,
A963,18.0,,2023-05-10
A125,86.0,,2023-01-01
A551,0.0,,
A391,0.0,,2023-01-01
A157,0.0,,
A759,0.0,154.42,2023-01-01
A974,31.0,,2023-01-01
A345,0.0,,2023-01-01
A360,1.0,,
A685,0.0,359.23,
A332,0.0,,
A372,81.0,170.54,2023-01-01
A804,87.0,,
A155,0.0,,2023-05-10
A973,0.0,,
A152,74.0,,2023-05-10
A544,0.0,,2023-01-01
A982,0.0,,2023-01-05
A412,0.0,,2023-05-10
A145,0.0,,2023-05-10
A705,0.0,,2023-01-01
A283,0.0,,2023-05-10
A846,0.0,185.58,
A602,0.0,80.25,
A503,0.0,,2023-05-10
A774,0.0,333.56,2023-01-01
A275,79.0,,
A568,0.0,54.25,
A575,0.0,295.26,2023-05-10
A640,5.0,266.42,
A416,0.0,,2023-05-10
A842,0.0,158.51,2023-01-05
A640,0.0,78.73,2023-01-01
A627,50.0,459.62,
A490,0.0,,2023-01-01
A396,0.0,,
A836,54.0,110.23,2023-05-10
A882,0.0,,2023-01-01
A792,0.0,,
A261,0.0,,2023-05-10
A175,0.0,,2023-01-05
A865,13.0,,2023-01-05
A354,97.0,,2023-01-05
A377,0.0,,
A530,0.0,,
A209,0.0,,2023-01-01
A364,0.0,,
A139,0.0,,2023-01-05
A973,0.0,,
A343,0.0,,
A283,0.0,258.51,2023-01-01
A181,9.0,,2023-01-01
A818,46.0,,2023-01-05
A610,0.0,,2023-05-10
A120,0.0,,
A352,0.0,7.66,2023-05-10
A396,0.0,251.4,
A867,0.0,420.95,2023-01-05
A209,0.0,302.89,
A983,0.0,,
A305,0.0,,2023-01-05
A448,0.0,,
A120,55.0,419.55,2023-05-10
A691,0.0,,
A523,82.0,,
A123,0.0,,2023-01-01
A597,0.0,,
A616,0.0,,2023-05-10
A753,43.0,,2023-05-10
A892,0.0,,
A629,0.0,,2023-05-10
A992,0.0,398.64,2023-01-01
A324,59.0,,2023-05-10
A378,0.0,,2023-01-05
A970,0.0,,2023-01-05
A112,0.0,,
A677,0.0,448.33,
A665,72.0,,2023-01-01
A986,0.0,,2023-05-10
A973,0.0,,2023-01-01
A952,46.0,216.07,
A382,0.0,454.09,2023-05-10
A626,0.0,,
A516,0.0,,2023-05-10
A667,5.0,,2023-01-05
A232,0.0,,
A900,0.0,,
A146,0.0,,
A393,57.0,443.44,2023-01-05
A216,0.0,336.43,
A748,0.0,,
A264,0.0,,
A747,39.0,,2023-01-05
A885,0.0,,2023-01-05
A681,69.0,,
A298,0.0,,
A512,43.0,,2023-01-01
A648,0.0,286.76,2023-05-10
A709,15.0,336.03,2023-01-05
A661,0.0,,2023-05-10
A282,0.0,,
A536,60.0,,2023-01-01
A379,3.0,,2023-01-05
A107,0.0,168.72,2023-01-05
A548,0.0,,2023-05-10
A533,30.0,,2023-01-05
A645,0.0,,2023-01-05
A575,0.0,103.24,2023-01-05
A606,0.0,,2023-01-05
A143,95.0,,2023-05-10
A378,0.0,,2023-01-01
A129,0.0,44.23,
A461,78.0,9.79,
A798,78.0,,2023-05-10
A733,14.0,,2023-01-05
A583,0.0,201.48,2023-05-10
A590,0.0,,2023-05-10
A923,44.0,,2023-05-10
A316,37.0,,
A902,66.0,,2023-05-10
A815,0.0,,
A247,0.0,,2023-01-01
A936,42.0,462.93,
A280,23.0,,
A657,0.0,,2023-05-10
A185,0.0,,2023-05-10
A507,0.0,,2023-01-01
A737,0.0,442.82,2023-05-10
A379,0.0,,
A844,0.0,,
A263,57.0,,2023-01-01
A228,0.0,,2023-01-01
A637,0.0,,2023-05-10
A636,23.0,,
A818,0.0,,2023-05-10
A955,25.0,,2023-01-05
A764,0.0,,
A939,0.0,,2023-01-01
A604,14.0,323.38,2023-01-05
A325,9.0,,2023-01-05
A473,68.0,,2023-01-01
A947,0.0,,
A120,80.0,,2023-01-05
A633,0.0,257.71,2023-01-05
A112,0.0,337.7,2023-01-05
A202,0.0,,2023-05-10
A923,23.0,,2023-01-01
A535,0.0,,
A652,0.0,,2023-01-01
A161,0.0,473.87,
A501,0.0,,2023-05-10
A503,0.0,,2023-01-05
A140,0.0,,
A304,0.0,,
A333,0.0,,2023-05-10
A598,0.0,,2023-01-01
A111,0.0,279.99,2023-01-05
A301,0.0,288.39,
A667,90.0,,2023-01-01
A462,0.0,,2023-01-05
A768,0.0,,
A869,0.0,,2023-05-10
A619,0.0,426.42,2023-05-10
A401,0.0,,
A654,0.0,,2023-05-10
A845,27.0,8.79,2023-01-01
A262,83.0,79.98,2023-05-10
A181,0.0,,
A945,0.0,206.86,
A151,0.0,,
A230,0.0,498.23,2023-01-05
A159,0.0,86.26,
A158,100.0,,2023-05-10
A313,0.0,,2023-01-01
A313,32.0,,2023-05-10
A732,0.0,,2023-05-10
A786,0.0,196.3,
A700,26.0,,
A450,0.0,,2023-01-05
A323,0.0,,2023-01-01
A144,0.0,,
A193,0.0,,2023-01-05
A161,0.0,,
A763,0.0,382.99,
A594,0.0,,2023-05-10
A941,0.0,404.72,
A940,0.0,,
A899,33.0,,2023-01-05
A201,0.0,,2023-01-01
A745,0.0,,
A655,0.0,,
A485,0.0,,2023-01-05
A303,0.0,,
A634,0.0,427.52,2023-05-10
A894,0.0,,
A941,0.0,,2023-01-05
A782,0.0,,2023-01-01
A833,0.0,,
A482,0.0,,2023-05-10
A820,0.0,,2023-01-01
A490,0.0,,2023-01-05
A911,0.0,,2023-01-01
A524,0.0,,2023-01-05
A523,0.0,,2023-01-05
A670,0.0,,2023-01-01
A100,0.0,478.19,
A187,0.0,301.57,
A259,0.0,,2023-01-01
A771,0.0,,
A814,0.0,,
A577,0.0,,2023-05-10
A198,0.0,320.71,
A582,0.0,,2023-01-05
A111,0.0,,2023-01-01
A973,0.0,467.66,
A268,18.0,,
A354,55.0,,
A900,0.0,,2023-01-05
A644,13.0,67.04,2023-01-01
A526,0.0,,2023-01-01
A134,10.0,,
A411,0.0,,
A687,0.0,,2023-05-10
A800,0.0,,2023-01-05
A317,62.0,,2023-05-10
A642,0.0,,2023-05-10
A179,0.0,,2023-01-05
A944,41.0,,2023-01-05
A569,0.0,,2023-01-01
A489,0.0,,2023-05-10
A588,0.0,,2023-05-10
A884,16.0,,2023-05-10
A180,0.0,,2023-05-10
A936,0.0,446.86,
A407,0.0,451.26,
A346,0.0,,2023-05-10
A447,0.0,352.51,2023-01-01
A420,0.0,,2023-05-10
A916,55.0,,
A994,64.0,,
A749,0.0,207.52,2023-05-10
A766,73.0,,
A956,92.0,474.11,2023-01-01
A857,0.0,,
A830,0.0,,
A323,0.0,,2023-01-05
A756,39.0,,2023-01-05
A960,0.0,,2023-01-05
A575,20.0,,
A337,0.0,,
A789,0.0,434.37,2023-01-01
A203,29.0,,
A407,0.0,,2023-01-05
A910,0.0,31.73,2023-05-10
A124,73.0,,
A299,0.0,495.25,
A301,48.0,471.47,
A424,0.0,,2023-05-10
A141,0.0,28.91,
A630,16.0,,
A943,25.0,,
A829,0.0,,2023-01-05
A117,0.0,,
A414,0.0,,2023-01-05
A693,0.0,467.16,
A721,0.0,,2023-01-01
A834,0.0,,2023-05-10
A227,0.0,299.22,2023-01-01
A743,64.0,497.2,2023-01-05
A833,8.0,354.75,2023-01-01
A985,0.0,250.78,
A975,23.0,,2023-05-10
A955,84.0,266.28,2023-01-01
A503,76.0,,
A720,1.0,,2023-01-01
A908,0.0,,
A119,44.0,,2023-01-01
A301,0.0,,2023-05-10
A396,33.0,93.68,
A486,2.0,,
A321,0.0,,
A122,0.0,,2023-05-10
A252,0.0,,
A660,0.0,,
A841,73.0,,2023-01-01
A892,80.0,,2023-01-01
A894,0.0,,2023-05-10
A225,5.0,,2023-05-10
A729,0.0,,2023-01-01
A212,94.0,,
A711,0.0,,2023-01-05
A422,40.0,,2023-01-01
A569,0.0,,2023-01-01
A822,0.0,,2023-01-05
A882,0.0,181.41,
A284,0.0,184.74,2023-01-05
A498,0.0,,
A200,56.0,210.84,2023-01-01
A721,0.0,,2023-01-05
A218,0.0,,
A669,28.0,282.32,
A883,0.0,,
A195,0.0,,2023-05-10
A489,0.0,,
A518,0.0,,2023-05-10
A708,0.0,,2023-01-05
A752,29.0,,2023-05-10
A322,0.0,,
A247,0.0,,2023-05-10
A602,66.0,,
A471,0.0,,2023-05-10
A731,44.0,366.81,
A447,0.0,,
A649,0.0,,2023-05-10
A757,0.0,,
A910,12.0,,2023-01-01
A297,0.0,,
A294,0.0,,2023-01-05
A951,0.0,,
A834,0.0,,2023-01-01
A701,24.0,132.22,
A707,0.0,,
A440,0.0,,2023-05-10
A640,0.0,,2023-05-10
A543,0.0,,2023-05-10
A531,0.0,,
A472,0.0,214.29,
A818,0.0,265.87,2023-01-01
A866,0.0,,2023-01-01
A586,0.0,,
A554,0.0,175.26,2023-01-01
A457,0.0,,
A700,0.0,,
A152,0.0,,2023-01-01
A659,0.0,,2023-01-05
A266,8.0,,
A941,47.0,,2023-05-10
A885,0.0,172.66,2023-01-01
A596,0.0,,
A171,0.0,,
A638,0.0,173.1,2023-01-05
A366,77.0,,
A523,63.0,256.42,
A863,0.0,,2023-01-01
A196,0.0,,2023-01-01
A903,57.0,438.26,2023-01-01
A893,97.0,219.97,
A836,0.0,,
A697,0.0,32.35,2023-05-10
A877,14.0,,2023-01-05
A693,63.0,475.07,2023-01-05
A169,0.0,,2023-01-01
A174,0.0,,2023-05-10
A568,34.0,236.82,2023-05-10
A614,43.0,157.61,
A207,90.0,,
A904,0.0,74.31,
A438,0.0,,2023-01-01
A696,0.0,159.43,2023-01-05
A188,89.0,187.87,
A777,62.0,,
A486,0.0,,2023-01-05
A319,0.0,,
A346,9.0,418.95,2023-01-05
A331,0.0,,
A637,0.0,336.17,2023-01-05
A162,0.0,,2023-05-10
A406,7.0,249.11,2023-01-01
A138,0.0,,
A208,10.0,,2023-01-01
A673,0.0,,2023-05-10
A923,0.0,25.12,
A344,44.0,7.43,
A292,0.0,,2023-01-01
A321,0.0,,2023-05-10
A703,0.0,,
A970,0.0,330.64,
A274,0.0,,
A333,0.0,,2023-01-05
A352,0.0,,2023-01-01
A882,37.0,,
A456,0.0,,2023-01-01
A601,0.0,395.79,2023-05-10
A148,0.0,,
A848,9.0,,
A902,0.0,,2023-01-01
A787,96.0,,2023-01-01
A112,11.0,,2023-01-05
A708,0.0,,
A791,0.0,,2023-05-10
A668,28.0,342.18,2023-01-05
A612,25.0,53.71,
A767,0.0,,2023-01-05
A137,0.0,,2023-01-01
A400,0.0,,
A917,95.0,305.84,2023-01-05
A822,94.0,,2023-01-05
A427,13.0,,2023-01-05
A732,0.0,,
A951,19.0,,2023-01-01
A322,0.0,,
A371,96.0,,2023-01-01
A110,0.0,,
A706,0.0,,2023-05-10
A129,15.0,,
A113,0.0,,2023-01-05
A900,0.0,,
A188,33.0,,2023-01-01
A988,0.0,,
A481,0.0,264.43,2023-01-05
A127,0.0,,2023-01-05
A263,61.0,,
A426,0.0,82.84,2023-01-01
A624,0.0,,2023-05-10
A945,79.0,223.16,2023-05-10
A670,0.0,,
A733,0.0,,
A769,0.0,,2023-01-05
A277,0.0,,2023-01-05
A912,71.0,,2023-01-01
A725,0.0,,2023-01-05
A158,0.0,,2023-01-01
A536,21.0,,
A949,0.0,,2023-01-01
A782,28.0,132.38,
A601,0.0,,
A852,0.0,,2023-01-01
A356,0.0,251.02,
A486,69.0,,2023-01-01
A373,28.0,,
A445,0.0,454.87,2023-01-05
A928,0.0,,2023-01-05
A509,9.0,37.48,2023-05-10
A245,0.0,81.72,2023-01-01
A210,0.0,,2023-01-05
A936,0.0,328.39,2023-01-01
A586,0.0,67.54,2023-01-01
A165,0.0,,2023-05-10
A692,0.0,322.1,
A176,0.0,,
A242,80.0,174.83,
A205,0.0,,2023-05-10
A539,0.0,100.1,
A334,0.0,,2023-01-01
A876,0.0,,2023-01-05
A704,0.0,,2023-05-10
A523,0.0,,2023-05-10
A355,0.0,432.66,2023-01-01
A260,0.0,,2023-05-10
A711,0.0,,
A697,23.0,263.77,2023-01-05
A473,0.0,,2023-01-01
A359,0.0,69.56,
A789,9.0,179.89,
A282,41.0,,
A493,0.0,470.34,
A401,0.0,,
A137,0.0,,2023-05-10
A290,0.0,,2023-01-01
A676,0.0,,
A154,0.0,,2023-01-01
A849,0.0,,
A601,0.0,,
A873,0.0,,2023-01-01
A164,0.0,137.71,2023-01-01
A732,0.0,,2023-05-10
A463,77.0,,2023-01-01
A620,0.0,,
A904,0.0,,2023-01-01
A806,0.0,,
A475,0.0,,2023-05-10
A381,0.0,,
A588,0.0,279.72,
A726,0.0,268.01,2023-05-10
A312,92.0,,2023-05-10
A169,0.0,414.3,2023-05-10
A587,0.0,266.88,2023-01-05
A552,0.0,,2023-01-05
A359,0.0,,2023-01-01
A740,0.0,,2023-01-05
A706,0.0,,2023-01-05
A284,0.0,,
A694,0.0,,2023-01-01
A648,0.0,,2023-01-05
A680,0.0,343.69,2023-05-10
A651,92.0,,2023-01-01
A299,0.0,,
A445,0.0,,
A147,0.0,,2023-05-10
A381,85.0,,
A897,7.0,22.52,2023-01-05
A801,0.0,,2023-01-05
A807,0.0,,2023-01-01
A379,0.0,,2023-01-01
A302,0.0,449.94,
A904,0.0,202.33,2023-01-01
A628,0.0,482.67,2023-05-10
A429,0.0,116.68,2023-01-05
A605,0.0,487.52,2023-01-01
A276,0.0,,2023-01-05
A981,12.0,,2023-01-05
A493,0.0,,
A869,37.0,,2023-05-10
A776,0.0,451.08,2023-01-01
A436,0.0,,2023-01-01
A394,0.0,,2023-01-05
A397,0.0,,2023-01-05
A849,14.0,389.83,
A242,80.0,,
A675,41.0,,
A881,0.0,490.16,2023-01-05
A900,91.0,332.5,
A849,0.0,,2023-05-10
A872,0.0,,2023-01-01
A542,0.0,,
A913,0.0,,2023-01-01
A772,0.0,,
A249,0.0,,2023-01-05
A734,66.0,,2023-01-01
A843,37.0,,2023-01-05
A493,0.0,,2023-01-05
A942,47.0,,
A416,34.0,,
A893,0.0,,
A461,0.0,296.83,
A258,0.0,,2023-01-01
A654,0.0,,2023-01-01
A600,0.0,,
A510,0.0,,2023-01-05
A183,0.0,216.4,2023-05-10
A395,0.0,,2023-01-05
A689,0.0,,
A151,0.0,,
A666,0.0,,2023-01-05
A958,0.0,,2023-05-10
A125,0.0,,2023-01-05
A677,69.0,,2023-01-05
A858,0.0,,
A981,0.0,,2023-01-01
A656,0.0,,
A448,0.0,,
A413,0.0,,2023-05-10
A480,0.0,226.82,2023-01-01
A213,100.0,,
A710,0.0,477.97,2023-05-10
A177,0.0,198.77,
A304,0.0,,
A956,0.0,403.22,2023-01-01
A741,0.0,,
A392,37.0,326.59,
A170,0.0,,
A100,0.0,,
A313,0.0,,2023-05-10
A352,0.0,,
A987,0.0,,
A426,0.0,,2023-01-05
A564,0.0,,
A662,0.0,,2023-01-01
A291,5.0,,2023-01-05
A402,0.0,379.1,
A498,72.0,,
A803,0.0,,2023-01-05
A623,0.0,498.79,2023-05-10
A425,19.0,49.2,2023-01-01
A661,0.0,,2023-01-01
A439,0.0,,
A851,0.0,,2023-01-01
A422,15.0,307.11,2023-01-01
A400,0.0,303.05,
A323,0.0,387.42,2023-01-05
A974,0.0,,
A806,34.0,,
A290,0.0,,
A798,0.0,306.08,2023-01-01
A394,0.0,,
A102,0.0,,2023-01-01
A248,0.0,,2023-01-01
A736,0.0,,
A171,0.0,,2023-05-10
A857,97.0,,2023-01-05
A589,0.0,118.98,
A790,0.0,,2023-01-01
A776,0.0,351.64,
A176,0.0,,
A205,0.0,71.45,2023-05-10
A701,13.0,,
A640,83.0,,2023-05-10
A399,11.0,,
A969,0.0,,2023-01-05
A519,0.0,,2023-05-10
A150,0.0,,2023-01-05
A873,19.0,402.43,
A923,0.0,,2023-01-01
A309,0.0,477.14,2023-05-10
A287,52.0,,
A194,0.0,,2023-01-01
A558,0.0,211.69,2023-05-10
A817,0.0,456.98,2023-05-10
A498,0.0,,
A464,46.0,,
A572,0.0,,2023-01-01
A112,0.0,,2023-01-05
A361,0.0,42.66,2023-05-10
A105,0.0,111.97,
A338,2.0,,2023-05-10
A222,0.0,,2023-05-10
A269,0.0,480.43,2023-05-10
A145,0.0,,
A962,51.0,,2023-01-01
A519,0.0,,
A373,0.0,,2023-05-10
A542,96.0,,
A610,0.0,,2023-05-10
A359,14.0,,
A940,58.0,,2023-05-10
A177,9.0,,
A430,0.0,,2023-01-05
A229,0.0,,
A734,0.0,,2023-01-01
A779,0.0,,2023-01-05
A510,0.0,356.9,2023-01-05
A772,0.0,,2023-01-01
A200,0.0,,2023-05-10
A369,0.0,62.73,2023-01-01
A408,0.0,,2023-01-05
A605,0.0,,2023-05-10
A610,0.0,102.74,
A656,0.0,,2023-05-10
A130,0.0,,2023-05-10
A406,0.0,83.93,
A480,0.0,54.96,2023-01-05
A204,0.0,217.36,2023-05-10
A612,0.0,,2023-01-01
A657,14.0,,2023-05-10
A704,5.0,,2023-05-10
A921,0.0,,2023-01-01
A940,0.0,,2023-01-01
A239,0.0,,
A378,0.0,,2023-05-10
A313,12.0,,2023-01-01
A710,65.0,,2023-01-01
A100,16.0,,2023-01-05
A561,0.0,,
A157,0.0,,2023-01-01
A577,0.0,,
A242,0.0,,2023-05-10
A328,0.0,428.16,
A127,64.0,,2023-05-10
A106,0.0,437.65,2023-01-01
A692,0.0,236.09,2023-01-01
A562,0.0,,
A797,0.0,,2023-01-05
A526,0.0,57.24,2023-01-05
A780,15.0,,2023-05-10
A116,0.0,,2023-01-01
A367,0.0,,2023-01-01
A201,94.0,,2023-05-10
A980,0.0,,
A636,0.0,,2023-01-05
A623,86.0,,2023-01-05
A246,0.0,183.41,2023-05-10
A836,0.0,,2023-01-05
A928,14.0,,2023-01-05
A668,0.0,18.4,
A498,0.0,365.01,
A231,67.0,310.89,
A710,0.0,,2023-05-10
A500,0.0,,2023-05-10
A509,6.0,,2023-05-10
A803,0.0,,2023-05-10
A585,64.0,,2023-05-10
A500,0.0,,2023-01-01
A397,79.0,,2023-01-05
A840,0.0,,2023-01-01
A566,0.0,,
A367,100.0,414.7,2023-01-01
A650,0.0,,
A551,0.0,,2023-01-01
A568,0.0,,2023-01-01
A843,0.0,,
A715,0.0,,2023-01-05
A585,20.0,,
A445,0.0,,
A793,0.0,,
A909,0.0,,
A317,0.0,442.92,
A743,0.0,,2023-01-05
A419,0.0,,
A578,0.0,,
A590,0.0,96.49,
A832,19.0,,2023-01-05
A612,92.0,149.72,2023-05-10
A559,0.0,,
A422,0.0,371.3,2023-05-10
A601,0.0,,
A117,0.0,,
A651,0.0,179.79,
A287,0.0,,2023-01-05
A528,0.0,,
A380,0.0,,2023-01-05
A135,0.0,472.92,
A804,0.0,,2023-01-01
A139,0.0,,2023-01-01
A140,0.0,,2023-01-01
A300,0.0,,2023-01-05
A490,53.0,,2023-01-05
A411,0.0,252.21,
A271,68.0,67.64,2023-01-01
A139,0.0,290.71,
A554,0.0,,
A476,0.0,221.61,
A940,0.0,,
A562,0.0,,2023-01-01
A741,31.0,,2023-05-10
A780,0.0,,2023-05-10
A626,0.0,443.74,2023-05-10
A737,0.0,,2023-01-01
A696,0.0,,
A422,72.0,,2023-01-05
A879,0.0,306.49,2023-05-10
A968,0.0,,2023-01-05
A288,0.0,,2023-01-01
A140,12.0,,
A537,0.0,,2023-01-01
A334,0.0,,
A664,0.0,,2023-01-05
A955,0.0,,
A186,0.0,,2023-01-05
A841,0.0,,2023-01-05
A159,0.0,181.57,2023-01-01
A473,0.0,,2023-05-10
A434,0.0,,2023-01-05
A977,18.0,,
A750,82.0,,2023-01-05
A759,0.0,,
A531,0.0,,2023-05-10
A322,0.0,,2023-01-05
A107,0.0,195.98,2023-01-01
A565,10.0,66.86,
A226,70.0,,2023-05-10
A295,0.0,,2023-01-01
A671,0.0,,
A819,0.0,,2023-01-05
A123,0.0,,2023-01-01
A387,60.0,,
A989,61.0,413.06,
A626,0.0,276.12,
A748,68.0,,2023-01-01
A371,100.0,,
A373,0.0,197.42,2023-01-01
A504,72.0,,2023-01-05
A704,0.0,,2023-05-10
A501,0.0,453.29,2023-01-05
A415,0.0,,2023-01-05
A725,0.0,,2023-01-05
A605,0.0,,
A976,0.0,,
A337,1.0,,2023-01-05
A719,0.0,72.24,2023-01-05
A509,0.0,,2023-01-01
A951,47.0,,2023-01-05
A602,0.0,,
A526,21.0,24.23,2023-01-01
A923,38.0,,2023-05-10
A915,0.0,,
A564,0.0,,
A739,100.0,,
A700,38.0,,2023-01-05
A387,0.0,,
A549,0.0,,2023-01-01
A926,0.0,,2023-01-01
A719,0.0,,2023-01-01
A230,0.0,361.69,
A659,0.0,283.45,
A191,0.0,124.1,2023-05-10
A963,35.0,,2023-01-05
A734,0.0,,2023-05-10
A544,0.0,444.97,
A207,70.0,,2023-01-01
A679,0.0,,
A562,9.0,377.99,
A933,0.0,36.03,2023-01-05
A992,0.0,,
A934,0.0,259.83,2023-01-01
A294,0.0,322.11,2023-05-10
A319,43.0,249.11,2023-05-10
A424,0.0,363.16,2023-05-10
A825,0.0,469.03,2023-01-01
A144,0.0,148.68,2023-01-01
A587,45.0,,
A761,0.0,,2023-01-01
A978,0.0,,
A358,0.0,,2023-01-05
A376,42.0,,2023-01-05
A846,89.0,419.58,2023-05-10
A668,0.0,29.14,
A370,0.0,,2023-05-10
A179,0.0,139.82,2023-01-01
A325,0.0,,2023-05-10
A113,64.0,,
A905,77.0,162.79,2023-01-01
A954,0.0,,2023-05-10
A155,21.0,,
A402,0.0,171.4,2023-01-01
A342,0.0,,2023-01-01
A864,0.0,,
A316,76.0,,
A366,46.0,248.63,2023-01-01
A104,0.0,,2023-01-01
A204,0.0,,2023-01-05
A834,0.0,,
A105,0.0,,2023-01-05
A683,0.0,,2023-05-10
A591,0.0,408.07,
A107,0.0,,2023-01-05
A929,0.0,,
A529,0.0,,2023-05-10
A550,9.0,,2023-05-10
A131,0.0,,2023-01-01
A426,0.0,29.23,2023-01-01
A684,0.0,,2023-05-10
A133,0.0,,2023-01-01
A174,0.0,,2023-05-10
A295,67.0,,
A782,2.0,,2023-01-01
A845,0.0,,2023-05-10
A847,16.0,,2023-01-05
A937,0.0,,2023-01-05
A291,0.0,,
A630,0.0,,
A815,0.0,,2023-05-10
A600,0.0,372.26,
A159,0.0,,2023-01-01
A410,0.0,,2023-05-10
A231,29.0,,2023-01-01
A782,0.0,,2023-01-01
A364,0.0,374.21,2023-01-05
A507,0.0,,
A948,0.0,,2023-01-01
A393,0.0,,
A234,0.0,,2023-01-01
A235,0.0,362.06,2023-05-10
A489,13.0,,2023-01-05
A895,88.0,,
A565,0.0,,2023-01-01
A283,0.0,335.75,
A504,0.0,112.0,2023-01-01
A762,0.0,493.16,
A634,0.0,392.93,2023-01-05
A176,63.0,,
A840,0.0,,2023-01-05
A307,0.0,,
A963,0.0,,2023-05-10
A917,0.0,,
A333,0.0,,2023-01-01
A413,0.0,,2023-01-01
A714,0.0,,2023-01-05
A326,0.0,,2023-01-05
A319,0.0,,2023-05-10
A512,97.0,,2023-01-05
A199,10.0,315.88,
A725,0.0,411.31,2023-01-05
A258,86.0,,2023-05-10
A678,0.0,,2023-01-05
A148,0.0,,
A153,0.0,,2023-05-10
A332,100.0,,
A864,0.0,320.99,2023-01-05
A758,70.0,,2023-05-10
A149,0.0,,2023-01-01
A748,0.0,,2023-01-05
A146,0.0,,2023-05-10
A586,0.0,395.58,2023-01-01
A322,0.0,,2023-01-01
A112,0.0,,2023-05-10
A517,0.0,,
A934,0.0,,2023-01-01
A483,0.0,106.99,
A841,0.0,,2023-01-05
A494,0.0,191.7,
A537,0.0,494.75,2023-05-10
A170,0.0,,2023-01-01
A814,0.0,,2023-05-10
A237,0.0,,
A257,0.0,,2023-01-01
A224,0.0,160.65,2023-05-10
A601,46.0,255.54,2023-05-10
A498,0.0,,
A779,0.0,,2023-01-05
A595,0.0,,
A148,35.0,,
A265,0.0,,
A287,14.0,49.16,
A474,0.0,,
A976,0.0,,
A172,0.0,,
A915,0.0,,2023-01-05
A338,0.0,,2023-01-05
A764,0.0,,
A975,0.0,,2023-01-05
A214,0.0,,
A373,0.0,,2023-01-05
A741,0.0,,2023-01-05
A989,0.0,353.7,2023-01-05
A156,14.0,,2023-01-01
A462,0.0,,
A258,0.0,,
A376,34.0,,2023-01-05
A171,0.0,,
A968,0.0,404.16,
A283,0.0,,2023-01-05
A436,63.0,,2023-01-01
A177,0.0,,2023-05-10
A808,0.0,114.64,
A145,0.0,,
A754,0.0,,2023-05-10
A503,0.0,,
A476,0.0,53.88,
A447,31.0,,2023-05-10
A243,0.0,,
A877,0.0,,2023-05-10
A417,0.0,,2023-01-01
A128,39.0,194.13,2023-05-10
A815,69.0,,2023-01-01
A428,0.0,,2023-05-10
A937,0.0,,2023-05-10
A603,0.0,,2023-01-01
A585,0.0,167.58,2023-01-01
A247,0.0,135.88,2023-01-01
A637,0.0,,
A157,0.0,,2023-01-05
A578,0.0,,
A384,84.0,,2023-05-10
A833,0.0,491.93,2023-01-01
A790,66.0,,2023-01-01
A193,56.0,,
A100,0.0,,
A158,48.0,,
A258,0.0,,
A281,89.0,,2023-01-05
A789,15.0,,2023-01-01
A689,6.0,,
A287,0.0,,
A818,40.0,,2023-01-05
A865,0.0,334.31,2023-05-10
A966,0.0,,
A745,0.0,,2023-01-05
A446,0.0,,2023-01-05
A484,0.0,,
A887,0.0,,2023-05-10
A592,0.0,,2023-01-05
A928,94.0,,2023-01-05
A872,13.0,,2023-01-05
A920,0.0,116.13,2023-01-05
A582,0.0,,2023-01-05
A580,0.0,,
A707,0.0,,
A622,0.0,,
A186,0.0,,2023-05-10
A564,0.0,,
A825,0.0,,
A764,61.0,,
A617,98.0,,
A423,50.0,,2023-05-10
A904,0.0,67.16,2023-01-05
A518,0.0,,2023-05-10
A228,0.0,474.87,2023-01-01
A792,0.0,,
A331,0.0,,2023-05-10
A776,0.0,,
A444,0.0,235.08,2023-05-10
A984,0.0,191.12,
A598,0.0,,
A771,0.0,,2023-05-10
A983,0.0,258.47,2023-01-01
A416,0.0,,2023-01-01
A111,0.0,,
A463,0.0,,
A460,0.0,,2023-01-05
A720,0.0,,2023-05-10
A898,0.0,,
A520,37.0,,2023-01-01
A132,0.0,351.22,2023-01-05
A168,0.0,186.67,
A649,0.0,,
A172,86.0,,
A460,95.0,,
A409,0.0,424.06,2023-01-01
A162,47.0,,
A577,0.0,,
A779,0.0,374.57,
A440,97.0,125.26,2023-05-10
A594,0.0,,2023-01-05
A924,0.0,,2023-01-05
A894,0.0,,2023-01-01
A524,0.0,86.54,2023-01-01
A962,0.0,,2023-05-10
A715,0.0,298.31,
A173,78.0,,2023-01-05
A577,0.0,,2023-05-10
A270,0.0,482.6,
A456,0.0,,2023-01-01
A331,0.0,,2023-01-05
A281,0.0,474.87,
A625,0.0,86.11,2023-01-05
A871,0.0,,2023-01-01
A808,0.0,,
A952,0.0,226.77,2023-01-01
A449,0.0,,
A443,0.0,,
A244,0.0,,
A100,0.0,,
A497,0.0,221.65,2023-05-10
A447,0.0,,2023-01-05
A419,0.0,,
A435,83.0,379.23,2023-01-05
A926,48.0,407.63,2023-01-01
A151,0.0,,2023-01-05
A878,24.0,,2023-01-05
A499,0.0,,
A173,0.0,,2023-01-05
A697,0.0,328.54,2023-01-01
A972,0.0,,2023-05-10
A555,0.0,,
A203,54.0,,
A403,81.0,,2023-01-01
A691,22.0,,2023-01-01
A966,34.0,,
A384,0.0,,
A327,0.0,,2023-01-05
A139,0.0,314.69,
A907,0.0,,2023-05-10
A550,0.0,,
A313,0.0,,2023-01-05
A578,0.0,,
A460,21.0,,2023-05-10
A898,0.0,,
A605,0.0,242.57,
A958,79.0,,
A613,43.0,,2023-01-01
A451,0.0,30.61,
A957,0.0,,2023-05-10
A117,0.0,,2023-05-10
A547,0.0,,2023-05-10
A423,0.0,246.43,2023-01-05
A548,0.0,,
A454,48.0,,
A195,13.0,430.95,2023-01-05
A641,0.0,,
A765,0.0,65.43,
A859,36.0,,2023-01-05
A117,0.0,,2023-01-01
A261,0.0,,2023-05-10
A306,0.0,,2023-05-10
A507,0.0,,
A572,0.0,,2023-01-05
A256,0.0,130.23,2023-01-05
A441,0.0,,2023-05-10
A516,0.0,,2023-05-10
A517,0.0,,2023-01-05
A245,16.0,,
A698,51.0,,2023-05-10
A179,0.0,,2023-01-01
A337,0.0,,2023-01-05
A654,0.0,19.56,
A318,0.0,45.52,2023-01-05
A287,0.0,149.39,
A812,0.0,,
A255,0.0,,2023-05-10
A781,0.0,,2023-05-10
A663,0.0,,2023-05-10
A654,0.0,,2023-01-01
A114,0.0,,2023-01-05
A713,93.0,,2023-05-10
A297,32.0,294.89,
A723,0.0,,2023-01-05
A122,0.0,,
A331,0.0,,
A682,0.0,,
A768,1.0,,
A715,0.0,326.25,2023-01-01
A910,0.0,363.6,2023-01-05
A830,0.0,319.39,2023-01-01
A134,0.0,,
A273,0.0,139.32,
A465,15.0,134.78,2023-01-01
A840,0.0,,2023-01-01
A325,0.0,,2023-05-10
A697,0.0,150.62,2023-05-10
A658,0.0,,
A352,46.0,,2023-01-01
A647,0.0,,
A627,0.0,426.91,2023-05-10
A709,0.0,,2023-01-05
A486,0.0,,
A613,0.0,,
A685,0.0,,2023-05-10
A496,0.0,,
A953,0.0,,2023-05-10
A324,13.0,,2023-01-01
A734,13.0,93.97,
A291,66.0,,2023-01-01
A766,0.0,411.32,2023-01-05
A861,0.0,,
A624,0.0,232.99,2023-01-01
A328,0.0,277.12,
A300,0.0,191.56,
A893,0.0,,2023-01-01
A555,0.0,,2023-05-10
A588,0.0,127.01,2023-05-10
A283,0.0,,2023-01-05
A189,99.0,,2023-05-10
A423,0.0,,2023-01-01
A394,0.0,319.29,2023-05-10
A664,0.0,,2023-05-10
A124,0.0,,2023-05-10
A771,0.0,149.88,2023-01-01
A746,0.0,,2023-05-10
A924,0.0,159.98,2023-01-01
A191,0.0,171.93,2023-05-10
A801,0.0,341.25,2023-05-10
A823,60.0,,2023-01-01
A460,0.0,,
A810,0.0,,2023-05-10
A130,0.0,,2023-05-10
A942,0.0,,2023-01-05
A251,0.0,,2023-01-05
A654,0.0,,
A821,0.0,,
A744,47.0,,
A196,0.0,,
A166,0.0,,
A283,0.0,,
A655,0.0,61.28,2023-01-05
A480,0.0,,
A599,0.0,,
A950,0.0,36.88,
A919,0.0,455.41,2023-01-01
A186,68.0,129.72,
A299,0.0,,2023-01-05
A185,0.0,,2023-01-01
A364,0.0,194.69,2023-05-10
A565,96.0,,2023-05-10
A163,0.0,,2023-01-05
A538,0.0,,
A169,0.0,432.11,2023-01-05
A393,0.0,,2023-01-05
A832,0.0,,
A693,0.0,,2023-05-10
A681,0.0,,
A730,14.0,,
A491,0.0,,
A289,0.0,,2023-01-05
A984,0.0,15.46,2023-05-10
A498,0.0,,2023-01-05
A425,0.0,,2023-05-10
A751,0.0,,2023-01-01
A235,0.0,,2023-05-10
A450,0.0,,
A611,0.0,,2023-05-10
A961,0.0,,2023-01-05
A327,0.0,,
A347,0.0,,2023-05-10
A590,0.0,,
A975,0.0,,2023-05-10
A653,0.0,,
A686,0.0,,2023-05-10
A683,36.0,,2023-01-01
A366,0.0,,2023-01-05
A369,0.0,267.93,
A439,0.0,,
A423,0.0,,
A766,0.0,,
A355,0.0,461.77,
A736,0.0,,2023-01-01
A804,95.0,,
A209,0.0,,2023-01-01
A499,0.0,,2023-01-01
A434,0.0,,
A260,0.0,35.36,
A870,0.0,,
A628,0.0,,2023-05-10
A400,0.0,,2023-05-10
A113,83.0,452.93,2023-05-10
A760,0.0,153.89,2023-05-10
A927,0.0,,2023-05-10
A543,0.0,,2023-01-05
A746,0.0,,2023-01-05
A107,0.0,446.84,2023-05-10
A408,0.0,,
A132,0.0,,
A925,48.0,,2023-01-01
A158,0.0,,2023-01-05
A513,0.0,,
A457,0.0,,
A412,0.0,,2023-05-10
A346,0.0,,
A378,67.0,,
A520,46.0,,2023-01-01
A539,15.0,,2023-05-10
A312,0.0,,2023-01-01
A419,43.0,350.76,
A379,0.0,,2023-05-10
A740,0.0,,2023-01-01
A766,2.0,440.68,2023-01-01
A848,0.0,,2023-05-10
A910,0.0,,2023-01-01
A345,0.0,,
A936,10.0,,
A309,0.0,,
A509,93.0,,2023-05-10
A388,0.0,,2023-05-10
A502,0.0,,2023-01-01
A470,0.0,74.51,
A340,61.0,,
A867,3.0,163.62,2023-01-05
A949,45.0,,2023-05-10
A493,40.0,,2023-01-05
A202,0.0,,2023-01-05
A300,0.0,348.05,2023-01-01
A630,0.0,342.71,2023-01-01
A160,0.0,55.71,
A167,0.0,,2023-01-05
A350,54.0,64.22,2023-01-05
A136,0.0,16.69,2023-01-01
A527,11.0,493.99,
A459,0.0,468.07,2023-01-01
A498,0.0,,2023-05-10
A582,79.0,492.27,2023-01-05
A648,0.0,,2023-01-05
A553,64.0,299.47,2023-01-05
A325,0.0,,2023-01-05
A808,0.0,356.89,2023-01-05
A999,0.0,462.37,2023-01-05
A119,0.0,,2023-01-05
A224,0.0,,2023-01-05
A583,0.0,,
A599,0.0,404.35,
A227,0.0,,2023-01-05
A924,0.0,,
A934,0.0,,
A801,40.0,,
A417,0.0,,2023-05-10
A281,0.0,60.13,
A497,71.0,,
A562,20.0,,2023-01-01
A145,99.0,,2023-01-05
A220,0.0,,
A105,48.0,,
A675,20.0,443.23,2023-01-01
A739,0.0,,2023-05-10
A581,40.0,121.07,
A665,0.0,,2023-01-01
A182,0.0,,2023-05-10
A670,0.0,325.21,2023-01-01
A418,0.0,,2023-01-01
A530,8.0,,2023-05-10
A633,0.0,245.8,
A746,0.0,,
A191,0.0,,
A816,0.0,,2023-05-10
A967,82.0,289.69,2023-01-01
A440,0.0,498.39,2023-05-10
A792,0.0,,2023-05-10
A543,0.0,,
A287,70.0,71.7,
A318,0.0,279.53,2023-05-10
A848,0.0,,
A235,0.0,,2023-05-10
A643,0.0,,
A648,0.0,,2023-05-10
A287,0.0,164.94,
A840,0.0,,2023-05-10
A207,6.0,,
A194,0.0,,
A981,97.0,,2023-05-10
A709,0.0,67.03,2023-01-01
A578,0.0,236.4,
A147,47.0,,2023-01-05
A948,0.0,,2023-05-10
A564,0.0,416.89,2023-01-01
A239,0.0,479.12,2023-01-01
A934,0.0,256.56,2023-01-01
A241,0.0,355.84,2023-05-10
A563,0.0,341.76,
A720,0.0,,2023-05-10
A863,0.0,,2023-05-10
A241,0.0,,
A820,0.0,,
A126,0.0,13.1,2023-05-10
A826,0.0,254.37,2023-01-05
A238,0.0,246.61,2023-05-10
A119,19.0,,
A643,0.0,,
A517,0.0,,
A914,0.0,16.98,
A104,0.0,,2023-01-01
A487,8.0,459.53,2023-01-05
A825,0.0,,2023-05-10
A853,0.0,94.66,
A545,0.0,,
A205,0.0,,
A106,0.0,20.59,2023-01-01
A854,92.0,,
A637,0.0,,
A953,0.0,,2023-05-10
A806,0.0,,
A343,0.0,,
A470,0.0,,2023-01-01
A915,14.0,,2023-01-05
A737,8.0,,2023-05-10
A472,0.0,434.83,
A855,0.0,,2023-01-05
A911,0.0,,
A543,0.0,,2023-01-01
A143,5.0,,
A237,0.0,,2023-01-05
A788,0.0,,
A592,0.0,,2023-01-01
A175,0.0,,
A333,0.0,,2023-05-10
A728,0.0,54.39,2023-01-01
A335,0.0,407.79,2023-01-05
A315,36.0,,2023-05-10
A457,0.0,,2023-05-10
A966,1.0,155.03,
A936,31.0,222.21,2023-01-01
A119,68.0,,2023-01-01
A813,0.0,,2023-01-05
A644,0.0,180.44,
A610,71.0,,2023-05-10
A104,0.0,,2023-01-01
A704,0.0,,2023-01-05
A571,12.0,,2023-05-10
A336,0.0,,2023-05-10
A178,0.0,,2023-01-05
A926,0.0,,2023-05-10
A419,0.0,,
A670,0.0,,
A704,0.0,,
A433,0.0,249.96,
A257,0.0,,
A597,0.0,400.27,2023-05-10
A568,0.0,,2023-01-01
A571,0.0,,2023-05-10
A335,96.0,,2023-01-01
A442,46.0,,2023-01-01
A936,71.0,,2023-01-05
A118,0.0,338.92,2023-05-10
A145,0.0,,2023-05-10
A328,0.0,368.5,
A174,0.0,,2023-05-10
A897,0.0,,
A986,34.0,,2023-01-05
A951,0.0,,2023-01-05
A263,0.0,,
A380,0.0,157.87,
A320,93.0,,2023-01-01
A931,0.0,,2023-01-01
A376,56.0,,
A462,95.0,23.46,2023-05-10
A963,0.0,,2023-01-01
A311,34.0,,
A236,0.0,,
A873,3.0,,
A629,33.0,143.11,2023-01-01
A953,0.0,,
A715,0.0,,2023-01-01
A671,0.0,,
A208,57.0,27.86,
A499,66.0,,
A408,38.0,,
A835,0.0,35.27,2023-01-01
A395,0.0,,2023-01-05
A849,49.0,413.21,
A329,0.0,,2023-05-10
A726,0.0,55.4,
A910,0.0,,
A273,0.0,,2023-01-01
A614,57.0,,2023-05-10
A780,69.0,,2023-05-10
A511,0.0,119.75,
A765,0.0,,2023-01-01
A868,30.0,201.75,
A968,0.0,,2023-05-10
A152,0.0,,
A319,0.0,255.78,2023-05-10
A696,0.0,,2023-01-01
A768,34.0,72.41,
A142,0.0,251.23,
A367,0.0,,
A155,0.0,,
A471,0.0,,2023-01-05
A475,0.0,458.06,2023-01-05
A212,0.0,225.34,2023-01-05
A556,0.0,,
A206,0.0,,2023-05-10
A720,0.0,,
A246,0.0,,2023-01-01
A981,0.0,412.96,2023-05-10
A250,0.0,,2023-05-10
A981,0.0,357.79,
A799,0.0,,
A413,0.0,,2023-01-01
A925,0.0,,2023-01-01
A921,0.0,,2023-05-10
A404,0.0,,
A665,0.0,374.06,2023-05-10
A645,0.0,,2023-05-10
A493,0.0,166.48,2023-01-01
A617,0.0,,
A519,0.0,173.5,
A209,0.0,,2023-01-01
A440,0.0,47.28,2023-05-10
A800,0.0,,
A326,0.0,,
A321,0.0,,2023-01-05
A893,2.0,,2023-01-05
A980,0.0,,2023-05-10
A560,0.0,,
A591,0.0,368.34,2023-01-01
A968,0.0,,2023-05-10
A742,0.0,494.96,
A822,0.0,338.04,2023-01-05
A707,0.0,274.18,2023-01-05
A265,0.0,,2023-01-01
A557,0.0,,2023-01-01
A197,55.0,163.74,
A616,0.0,,2023-01-05
A243,0.0,190.54,2023-01-05
A463,0.0,,
A163,0.0,463.69,2023-01-01
A128,12.0,,2023-01-01
A253,73.0,,
A955,23.0,,2023-05-10
A226,0.0,,2023-01-05
A555,0.0,,2023-01-05
A486,0.0,,2023-05-10
A661,0.0,26.8,
A898,0.0,,
A998,0.0,,2023-05-10
A175,0.0,414.61,2023-01-05
A940,0.0,,2023-01-05
A754,45.0,,
A909,0.0,,
A359,0.0,,
A533,0.0,,2023-01-05
A508,0.0,,
A702,0.0,457.7,2023-01-01
A194,0.0,192.31,2023-05-10
A364,0.0,66.7,2023-01-01
A924,4.0,,2023-05-10
A739,55.0,,
A289,31.0,,2023-01-05
A365,0.0,,2023-01-05
A574,28.0,,
A479,0.0,,2023-01-01
A946,51.0,,
A847,16.0,,
A485,0.0,290.42,2023-05-10
A488,0.0,,2023-01-01
A605,86.0,,2023-05-10
A969,0.0,,2023-01-01
A819,36.0,,2023-05-10
A783,0.0,,2023-01-01
A377,0.0,,
A820,0.0,,
A517,0.0,,2023-01-05
A955,0.0,484.41,
A294,0.0,,2023-05-10
A175,55.0,,
A184,0.0,,
A621,0.0,353.2,2023-01-01
A802,0.0,,2023-05-10
A310,0.0,,2023-01-05
A628,0.0,,2023-01-01
A418,25.0,,2023-01-01
A299,13.0,,
A247,0.0,,2023-05-10
A844,0.0,,2023-01-05
A782,0.0,,
A209,0.0,,
A518,0.0,181.69,2023-05-10
A789,0.0,,2023-01-05
A877,0.0,252.0,2023-05-10
A542,0.0,,2023-05-10
A700,0.0,246.74,
A314,0.0,142.32,2023-05-10
A380,0.0,,
A602,0.0,,2023-05-10
A249,9.0,,
A933,0.0,,
A616,0.0,,
A866,0.0,,2023-01-01
A743,0.0,,2023-01-01
A110,0.0,,2023-05-10
A849,13.0,390.35,2023-01-01
A158,0.0,,2023-01-01
A403,0.0,,
A440,0.0,,
A845,0.0,,
A639,6.0,,2023-01-01
A562,0.0,,2023-05-10
A317,0.0,211.89,
A788,0.0,,
A233,0.0,,2023-05-10
A836,0.0,,2023-01-05
A177,0.0,347.76,2023-01-01
A882,25.0,5.46,
A471,44.0,113.82,
A555,0.0,288.63,2023-05-10
A486,0.0,229.73,2023-05-10
A926,0.0,419.77,2023-01-01
A519,2.0,,2023-05-10
A257,0.0,,2023-05-10
A263,0.0,,2023-01-01
A610,0.0,,2023-01-01
A388,0.0,,
A411,0.0,482.86,2023-01-01
A238,0.0,,2023-01-05
A107,0.0,18.33,
A232,0.0,,
A358,0.0,,
A185,0.0,9.99,
A907,0.0,,
A357,10.0,,
A609,0.0,448.05,
A808,60.0,,
A762,0.0,,2023-05-10
A349,0.0,,2023-01-05
A118,41.0,,2023-01-01
A600,0.0,,2023-01-05
A982,0.0,,
A794,95.0,,2023-05-10
A866,0.0,,
A646,75.0,,2023-01-01
A948,0.0,,
A509,0.0,,2023-01-05
A494,0.0,73.74,
A408,75.0,,2023-05-10
A701,0.0,,
A156,0.0,,2023-01-01
A559,5.0,,2023-01-05
A381,76.0,,
A607,0.0,,
A826,0.0,,
A898,0.0,,2023-05-10
A609,0.0,,
A523,83.0,,2023-01-05
A472,0.0,293.74,2023-01-05
A357,0.0,251.43,
A663,0.0,,
A688,45.0,,
A176,0.0,,2023-01-01
A658,0.0,,
A343,89.0,,2023-05-10
A786,37.0,,2023-05-10
A597,0.0,405.76,2023-01-05
A864,0.0,,2023-05-10
A840,0.0,,2023-01-05
A103,0.0,,2023-01-05
A181,45.0,,
A684,0.0,,
A927,0.0,7.48,
A445,0.0,,
A545,80.0,,2023-01-01
A181,27.0,,2023-01-05
A910,54.0,,
A230,0.0,,2023-01-05
A351,0.0,,
A901,0.0,,
A731,0.0,,
A758,41.0,222.0,
A285,0.0,,2023-01-01
A319,0.0,,2023-05-10
A251,77.0,,
A230,0.0,,
A986,0.0,232.39,2023-05-10
A617,0.0,170.14,
A450,67.0,,
A784,71.0,192.93,2023-01-01
A273,0.0,,2023-01-05
A306,0.0,,2023-05-10
A822,0.0,,
A318,0.0,343.4,2023-01-01
A244,0.0,,2023-01-01
A711,66.0,,
A541,18.0,467.88,2023-01-05
A587,0.0,,2023-01-01
A588,39.0,,2023-01-01
A683,0.0,347.45,2023-01-01
A550,26.0,,2023-05-10
A148,29.0,25.55,2023-01-01
A160,13.0,,2023-01-01
A456,0.0,,2023-01-05
A675,13.0,,2023-01-05
A900,0.0,121.86,2023-05-10
A635,55.0,328.62,
A919,0.0,,
A601,0.0,455.16,2023-05-10
A904,0.0,,
A212,0.0,,2023-01-05
A174,0.0,,2023-01-01
A409,17.0,189.53,
A276,0.0,,2023-01-05
A151,65.0,,2023-01-05
A205,0.0,,2023-05-10
A385,0.0,,2023-01-01
A378,0.0,,2023-01-05
A747,0.0,281.23,2023-05-10
A795,0.0,,2023-05-10
A135,94.0,334.67,2023-01-01
A356,71.0,,2023-01-05
A767,0.0,,
A253,0.0,,2023-01-01
A461,0.0,69.44,
A573,0.0,,
A234,0.0,455.19,2023-01-05
A218,0.0,,
A647,0.0,,2023-01-05
A406,0.0,,2023-01-05
A543,0.0,,
A603,0.0,,2023-05-10
A721,77.0,,
A788,0.0,,2023-05-10
A130,0.0,,2023-01-05
A141,0.0,,
A232,53.0,,
A190,0.0,,2023-01-05
A859,0.0,,
A167,0.0,,2023-01-01
A658,0.0,360.67,
A285,0.0,,2023-01-01
A769,0.0,,
A981,33.0,,
A500,0.0,,
A470,0.0,,2023-01-05
A240,0.0,169.4,2023-05-10
A541,0.0,,
A159,0.0,,
A987,0.0,372.31,2023-01-05
A768,0.0,,
A682,0.0,,
A920,0.0,,2023-01-05
A202,90.0,,2023-01-01
A144,0.0,,2023-01-05
A916,0.0,,
A731,0.0,,
A404,0.0,,2023-05-10
A827,8.0,,
A686,0.0,,
A351,0.0,,
A932,0.0,,2023-01-05
A820,0.0,,2023-01-05
A861,0.0,,2023-01-01
A181,0.0,396.11,2023-01-05
A891,0.0,196.0,2023-01-05
A430,21.0,,2023-01-05
A838,0.0,,
A894,0.0,,2023-01-05
A750,0.0,243.03,2023-05-10
A395,0.0,,2023-01-05
A950,70.0,,
A710,0.0,29.17,2023-01-05
A334,75.0,,2023-01-01
A441,0.0,,2023-01-01
A719,63.0,,2023-01-05
A775,0.0,,2023-01-01
A957,0.0,,2023-01-01
A170,0.0,,
A673,0.0,,
A371,53.0,214.48,
A314,0.0,386.54,2023-05-10
A444,59.0,,2023-01-05
A639,0.0,18.62,
A896,0.0,375.07,
A546,0.0,,
A778,0.0,,
A432,0.0,,
A345,0.0,,2023-05-10
A830,0.0,,2023-05-10
A204,0.0,28.01,
A764,0.0,,2023-01-01
A987,40.0,,2023-05-10
A138,0.0,,2023-01-01
A997,0.0,,2023-01-05
A133,0.0,458.62,
A615,8.0,,2023-05-10
A288,5.0,155.03,2023-01-05
A528,29.0,,2023-05-10
A515,0.0,256.7,
A935,0.0,,2023-01-01
A213,21.0,265.59,2023-05-10
A403,32.0,,2023-05-10
A264,0.0,331.01,
A949,0.0,,
A654,0.0,,
A953,0.0,397.66,
A643,47.0,,
A475,0.0,,2023-05-10
A660,4.0,,
A301,0.0,,
A135,0.0,76.68,2023-05-10
A521,0.0,35.83,
A148,1.0,,
A226,0.0,,
A153,0.0,,2023-05-10
A946,0.0,,
A769,87.0,,2023-01-05
A903,0.0,,
A368,0.0,,2023-01-05
A449,0.0,295.54,2023-01-01
A472,0.0,218.93,
A792,0.0,,2023-01-05
A375,0.0,,2023-01-01
A359,0.0,82.48,2023-01-05
A871,0.0,,2023-05-10
A432,0.0,,2023-01-05
A512,17.0,,2023-01-05
A952,0.0,,2023-05-10
A695,0.0,,2023-05-10
A239,11.0,,2023-01-05
A985,0.0,,2023-01-05
A279,0.0,,
A258,0.0,177.49,2023-05-10
A912,0.0,,
A816,0.0,363.5,2023-01-01
A125,0.0,,2023-05-10
A512,0.0,,
A859,0.0,,2023-01-01
A450,0.0,477.95,
A959,0.0,146.65,2023-05-10
A535,0.0,,
A945,60.0,,
A581,96.0,211.09,2023-01-01
A744,0.0,,
A728,0.0,,2023-01-05
A986,0.0,,2023-05-10
A194,0.0,,2023-01-01
A859,22.0,,
A690,0.0,451.15,2023-01-05
A975,0.0,,
A399,0.0,428.18,
A168,0.0,,
A981,0.0,,2023-01-01
A127,0.0,,2023-01-05
A858,0.0,,
A611,8.0,475.25,
A834,0.0,,2023-05-10
A783,32.0,498.47,2023-01-01
A453,45.0,,2023-05-10
A269,29.0,475.48,2023-01-05
A448,0.0,,
A773,0.0,,
A348,0.0,,
A268,0.0,,
A328,0.0,,
A867,0.0,,2023-01-01
A607,56.0,251.73,2023-05-10
A655,26.0,,2023-05-10
A897,0.0,,2023-01-01
A780,79.0,,2023-01-05
A673,0.0,,
A355,0.0,338.95,
A450,0.0,,2023-01-05
A726,77.0,,
A414,0.0,,2023-01-05
A964,0.0,,2023-01-01
A364,30.0,,
A203,2.0,70.33,
A781,0.0,,
A412,33.0,232.36,2023-05-10
A303,0.0,,2023-05-10
A795,0.0,,2023-01-05
A383,0.0,138.59,
A263,75.0,,
A199,49.0,,2023-01-01
A559,0.0,125.38,2023-01-05
A799,19.0,,2023-01-01
A326,67.0,,2023-01-01
A774,0.0,,
A633,0.0,,2023-05-10
A681,17.0,,2023-01-01
A769,0.0,431.71,2023-05-10
A460,0.0,,
A625,0.0,477.73,
A375,0.0,335.34,2023-05-10
A204,53.0,,2023-01-05
A639,0.0,,2023-01-05
A924,11.0,,2023-01-01
A898,82.0,,2023-01-05
A212,0.0,107.01,2023-01-05
A918,28.0,,
A422,0.0,,
A622,0.0,104.56,
A494,30.0,,
A958,0.0,97.73,2023-01-05
A190,0.0,,2023-01-01
A278,0.0,,
A103,0.0,232.27,2023-01-01
A897,0.0,,2023-01-05
A603,0.0,,2023-01-05
A401,0.0,,
A935,0.0,,
A127,0.0,312.37,2023-01-05
A153,0.0,,
A895,0.0,460.62,2023-01-05
A838,0.0,,
A489,0.0,94.41,2023-01-05
A436,0.0,191.8,
A432,80.0,,
A947,63.0,,2023-01-01
A531,0.0,309.09,2023-05-10
A452,32.0,,2023-01-01
A873,89.0,,
A983,0.0,,
A386,55.0,,
A971,0.0,,2023-01-05
A106,0.0,,2023-05-10
A562,0.0,,2023-01-05
A150,0.0,,2023-05-10
A318,93.0,,2023-05-10
A729,41.0,71.76,
A845,19.0,71.4,
A711,10.0,458.42,2023-01-01
A101,0.0,,2023-01-05
A164,100.0,429.02,
A185,63.0,,
A220,0.0,,2023-01-01
A365,0.0,,2023-05-10
A343,0.0,,2023-01-01
A236,0.0,371.01,2023-05-10
A596,89.0,,
A611,31.0,177.33,2023-01-05
A418,0.0,,2023-05-10
A338,0.0,,2023-01-01
A901,0.0,,
A261,0.0,,2023-01-05
A319,0.0,,2023-05-10
A939,0.0,,2023-05-10
A820,10.0,,2023-01-01
A444,0.0,,
A985,0.0,,
A137,0.0,,2023-01-05
A645,0.0,,2023-01-05
A833,0.0,259.63,2023-01-05
A123,32.0,,
A275,0.0,407.6,2023-01-01
A606,0.0,66.13,2023-01-01
A460,0.0,,2023-01-01
A294,0.0,,
A287,0.0,,2023-05-10
A316,58.0,350.4,
A845,0.0,269.5,2023-01-01
A153,66.0,,
A702,0.0,57.88,
A106,0.0,,
A158,0.0,34.41,
A461,0.0,97.26,2023-01-05
A693,81.0,,2023-01-01
A307,0.0,,
A814,0.0,,2023-05-10
A708,0.0,,2023-01-01
A629,0.0,,2023-05-10
A675,0.0,,2023-01-01
A406,0.0,,2023-01-01
A943,0.0,,2023-01-01
A462,0.0,,2023-01-01
A633,0.0,,
A437,0.0,,2023-05-10
A184,60.0,199.21,2023-01-05
A841,45.0,,2023-05-10
A792,0.0,,
A406,0.0,,
A445,42.0,,2023-01-05
A299,0.0,107.24,2023-01-05
A766,0.0,484.63,2023-05-10
A270,0.0,,2023-01-05
A820,0.0,,
A937,0.0,,2023-05-10
A966,0.0,219.47,2023-01-05
A714,82.0,,
A577,0.0,,2023-01-01
A828,8.0,,2023-01-05
A988,82.0,,2023-01-05
A637,0.0,,2023-01-01
A834,25.0,,2023-01-01
A783,0.0,,
A101,0.0,,2023-01-05
A271,0.0,,
A534,0.0,,2023-01-05
A238,20.0,,2023-01-05
A850,0.0,172.84,2023-01-01
A329,85.0,,
A615,0.0,,
A456,0.0,47.8,2023-01-01
A892,75.0,,2023-01-05
A491,0.0,,
A567,0.0,293.99,
A645,0.0,48.45,
A112,0.0,,2023-05-10
A987,0.0,361.56,2023-01-01
A113,1.0,,2023-05-10
A967,0.0,,
A377,0.0,,
A106,50.0,355.75,2023-01-01
A479,23.0,,2023-05-10
A247,0.0,,
A552,0.0,,2023-05-10
A942,0.0,,2023-05-10
A868,0.0,,
A324,0.0,402.33,2023-05-10
A605,0.0,118.21,2023-01-01
A549,0.0,,2023-05-10
A972,98.0,,2023-01-05
A367,57.0,354.57,2023-05-10
A191,60.0,77.3,2023-01-01
A591,0.0,236.97,
A945,0.0,,
A748,0.0,,2023-05-10
A503,4.0,,2023-01-01
A692,6.0,,
A361,98.0,,2023-05-10
A393,0.0,,2023-01-01
A385,0.0,,2023-01-05
A138,0.0,,2023-01-05
A742,0.0,409.7,2023-01-05
A421,51.0,,
A343,0.0,,2023-01-01
A265,22.0,,
A685,20.0,27.17,
A940,0.0,,2023-01-01
A526,0.0,,2023-01-01
A404,0.0,,
A681,68.0,,2023-01-05
A194,0.0,,2023-01-01
A239,30.0,217.65,2023-01-01
A155,67.0,,
A736,29.0,,2023-05-10
A103,0.0,,2023-01-01
A949,94.0,,
A102,84.0,,2023-01-05
A986,51.0,,
A408,86.0,,2023-01-01
A115,0.0,427.66,2023-01-05
A323,0.0,,2023-01-01
A509,92.0,,
A480,0.0,,
A116,43.0,,
A791,50.0,,2023-01-01
A520,0.0,,
A219,0.0,412.47,2023-01-01
A422,0.0,,2023-05-10
A162,0.0,,
A246,0.0,,2023-05-10
A822,0.0,,2023-01-01
A596,60.0,444.88,
A708,0.0,,
A113,0.0,,2023-01-05
A266,0.0,,2023-05-10
A947,0.0,,2023-01-05
A510,0.0,33.46,
A280,0.0,5.66,2023-05-10
A664,65.0,80.0,
A873,0.0,102.7,
A670,0.0,,2023-05-10
A988,0.0,276.6,2023-01-01
A503,0.0,,2023-01-05
A206,0.0,,2023-01-05
A651,0.0,,
A968,0.0,,2023-01-01
A649,0.0,398.44,
A705,0.0,25.16,
A682,0.0,,2023-05-10
A737,0.0,299.39,2023-01-01
A162,0.0,,
A634,0.0,,2023-01-05
A411,29.0,53.16,2023-01-01
A177,0.0,,2023-01-01
A320,84.0,,2023-01-05
A936,70.0,434.94,
A964,0.0,,2023-01-01
A917,0.0,263.43,
A170,89.0,,2023-01-01
A231,74.0,,2023-05-10
A512,94.0,,
A655,0.0,,2023-01-01
A848,0.0,294.14,
A374,0.0,,2023-05-10
A153,0.0,,
A854,0.0,458.45,2023-01-05
A191,0.0,,2023-01-05
A839,0.0,12.69,2023-05-10
A405,0.0,,2023-01-05
A744,60.0,,2023-01-01
A662,91.0,,2023-05-10
A863,0.0,,2023-01-01
A717,77.0,,2023-01-05
A969,0.0,,
A954,0.0,,2023-01-05
A270,0.0,,
A405,0.0,,
A878,44.0,,2023-01-05
A521,0.0,,
A827,0.0,,2023-01-05
A270,89.0,,2023-01-01
A738,0.0,,2023-05-10
A330,0.0,,
A261,61.0,,2023-01-05
A946,0.0,,2023-05-10
A151,0.0,,
A135,0.0,,
A836,0.0,454.3,2023-05-10
A854,0.0,,2023-05-10
A153,65.0,,2023-01-05
A615,27.0,,2023-01-01
A219,33.0,,2023-01-05
A873,8.0,,
A927,93.0,,
A582,0.0,,2023-05-10
A198,0.0,,
A304,28.0,,2023-01-01
A937,0.0,127.04,2023-01-05
A779,0.0,65.66,
A430,66.0,,2023-01-01
A140,0.0,,2023-01-05
A889,0.0,494.14,2023-01-01
A751,0.0,,
A316,0.0,413.78,2023-05-10
A557,0.0,,2023-01-05
A751,0.0,171.32,2023-01-05
A282,0.0,,
A344,59.0,350.94,
A800,70.0,,
A938,0.0,,
A741,0.0,248.7,
A280,0.0,,2023-01-05
A456,0.0,23.98,
A769,0.0,474.72,2023-01-05
A514,0.0,,2023-01-01
A264,0.0,,
A615,0.0,,
A487,77.0,,2023-01-05
A972,0.0,,2023-05-10
A535,0.0,392.58,2023-01-01
A173,16.0,,2023-05-10
A601,1.0,,2023-05-10
A516,0.0,158.27,2023-05-10
A603,0.0,,2023-01-01
A266,0.0,,
A170,0.0,,2023-01-01
A859,52.0,408.75,
A248,0.0,,2023-01-05
A138,0.0,,2023-01-01
A438,73.0,,2023-05-10
A265,0.0,,2023-01-01
A840,0.0,,2023-01-01
A100,0.0,,2023-01-05
A977,77.0,434.86,
A812,17.0,177.71,
A717,0.0,,
A856,0.0,,2023-05-10
A351,0.0,,2023-01-01
A259,40.0,478.02,
A552,0.0,17.8,2023-01-05
A290,0.0,,2023-01-01
A524,0.0,,2023-05-10
A607,0.0,,
A884,0.0,,2023-01-05
A774,0.0,,2023-05-10
A262,0.0,,2023-01-05
A954,0.0,408.21,2023-01-05
A179,70.0,,
A325,42.0,,
A944,0.0,,
A115,65.0,,2023-01-05
A715,23.0,,
A531,0.0,,2023-01-05
A559,0.0,,2023-05-10
A173,0.0,,2023-01-01
A363,43.0,,
A133,0.0,,2023-01-01
A319,53.0,,2023-01-01
A792,0.0,,
A865,0.0,454.48,
A543,60.0,,2023-05-10
A927,0.0,,2023-05-10
A241,0.0,,2023-01-01
A649,42.0,,
A644,0.0,108.55,2023-01-05
A968,0.0,,2023-01-01
A998,0.0,,
A895,0.0,308.25,
A557,0.0,,
A200,0.0,,2023-01-01
A128,0.0,,
A677,0.0,7.99,2023-01-01
A362,0.0,181.16,2023-05-10
A401,0.0,90.16,
A671,0.0,53.51,2023-01-01
A347,0.0,,2023-01-01
A927,68.0,,2023-01-01
A425,0.0,,
A934,0.0,34.29,2023-05-10
A910,0.0,,2023-05-10
A926,0.0,,2023-01-01
A364,53.0,,2023-01-01
A751,19.0,85.8,
A336,0.0,,2023-01-01
A595,0.0,,2023-01-01
A696,0.0,,
A577,36.0,7.03,2023-05-10
A299,0.0,,
A762,0.0,,
A613,0.0,,
A681,0.0,329.83,
A458,0.0,,2023-05-10
A225,27.0,377.29,
A192,0.0,,
A240,0.0,,2023-01-01
A254,0.0,,2023-05-10
A163,0.0,,2023-05-10
A927,53.0,,
A559,28.0,,
A328,0.0,,
A241,0.0,,2023-05-10
A209,0.0,349.92,2023-01-01
A642,0.0,141.38,2023-05-10
A802,0.0,473.46,2023-05-10
A376,0.0,194.19,2023-05-10
A918,20.0,397.9,2023-05-10
A730,0.0,,2023-01-01
A210,34.0,,
A316,0.0,220.71,
A560,0.0,,
A646,0.0,,
A907,0.0,389.88,
A691,0.0,153.91,2023-05-10
A154,0.0,,
A963,97.0,,2023-01-01
A561,0.0,,2023-05-10
A374,0.0,,2023-01-05
A152,0.0,,2023-01-01
A118,0.0,,2023-05-10
A302,52.0,,2023-01-05
A675,0.0,240.1,
A149,0.0,,2023-01-01
A576,0.0,52.68,2023-01-01
A599,98.0,,
A679,96.0,,2023-01-01
A275,24.0,,
A940,0.0,,2023-05-10
A259,0.0,454.14,
A437,0.0,,2023-01-05
A115,0.0,,2023-05-10
A472,0.0,,2023-05-10
A833,0.0,372.93,
A810,0.0,12.61,2023-01-05
A691,0.0,291.31,2023-01-05
A256,0.0,,
A517,86.0,,
A480,0.0,160.83,
A635,0.0,,2023-01-05
A563,0.0,,2023-01-05
A168,0.0,,2023-01-01
A565,0.0,,2023-01-01
A837,0.0,,2023-05-10
A332,0.0,318.65,2023-01-05
A476,0.0,,2023-01-01
A837,0.0,,2023-01-05
A722,0.0,,2023-05-10
A328,0.0,,2023-05-10
A877,0.0,,2023-01-01
A958,67.0,,
A442,0.0,,
A588,5.0,,2023-05-10
A888,0.0,110.59,2023-01-05
A909,0.0,22.16,
A395,40.0,,
A371,76.0,,2023-05-10
A620,99.0,483.7,2023-01-01
A905,2.0,,2023-01-05
A707,0.0,294.37,2023-05-10
A582,0.0,259.25,2023-01-01
A674,0.0,,2023-05-10
A813,0.0,16.43,
A905,0.0,,2023-01-01
A749,0.0,,2023-01-05
A221,0.0,,
A131,84.0,,2023-05-10
A136,0.0,,
A961,74.0,,2023-05-10
A906,0.0,476.41,
A237,0.0,,2023-01-05
A484,0.0,317.27,
A853,0.0,,
A523,0.0,,2023-05-10
A841,16.0,403.76,2023-05-10
A446,0.0,,2023-01-05
A373,0.0,278.1,
A190,0.0,,
A965,87.0,,
A163,0.0,,2023-01-05
A328,0.0,,2023-05-10
A374,78.0,,
A999,0.0,,
A492,0.0,,
A612,0.0,,2023-01-05
A409,0.0,,2023-01-01
A479,45.0,353.7,2023-05-10
A494,0.0,,2023-01-05
A242,0.0,,
A743,0.0,,2023-01-05
A772,0.0,,2023-01-05
A879,0.0,,2023-05-10
A892,0.0,,2023-05-10
A106,0.0,294.41,2023-05-10
A231,0.0,,
A971,0.0,71.6,
A958,5.0,,2023-01-01
A823,0.0,,
A279,14.0,,2023-05-10
A948,0.0,,
A785,0.0,,
A607,27.0,,2023-01-05
A232,0.0,92.13,
A180,0.0,,2023-05-10
A662,81.0,,2023-01-01
A734,0.0,91.18,
A788,0.0,,2023-01-05
A707,0.0,,2023-05-10
A645,0.0,,2023-01-01
A207,0.0,315.74,
A267,91.0,,2023-01-01
A955,0.0,,
A271,98.0,,
A251,67.0,,2023-05-10
A369,0.0,,
A992,0.0,131.11,2023-01-05
A985,0.0,,
A356,27.0,43.46,2023-01-01
A889,0.0,65.05,2023-05-10
A753,0.0,76.0,2023-05-10
A739,0.0,,
A132,0.0,,2023-01-05
A781,0.0,444.56,2023-05-10
A415,0.0,,2023-01-05
A173,0.0,477.45,2023-01-01
A607,0.0,,2023-01-01
A405,0.0,9.61,2023-01-05
A229,0.0,,
A286,0.0,129.79,
A879,0.0,181.86,2023-01-05
A829,0.0,437.07,2023-01-05
A413,31.0,,
A384,0.0,,
A865,92.0,,2023-05-10
A222,0.0,,
A871,3.0,,
A376,0.0,,2023-01-05
A530,45.0,52.66,
A133,0.0,,
A800,0.0,,
A373,0.0,,2023-01-01
A911,0.0,380.46,2023-05-10
A271,88.0,255.12,
A926,52.0,,
A474,0.0,,2023-01-05
A793,0.0,,2023-01-05
A789,0.0,180.76,2023-01-01
A375,0.0,,2023-05-10
A961,8.0,,
A346,0.0,,
A502,78.0,,
A748,45.0,,
A326,0.0,,2023-05-10
A473,0.0,416.34,2023-05-10
A283,0.0,,2023-05-10
A646,0.0,,2023-05-10
A874,0.0,208.55,
A740,0.0,,
A659,0.0,,2023-01-01
A362,0.0,,2023-01-05
A660,0.0,,2023-01-05
A750,0.0,,2023-01-01
A766,0.0,,2023-01-01
A642,0.0,,2023-01-05
A825,0.0,,
A976,0.0,,2023-01-01
A691,0.0,,
A217,0.0,,2023-05-10
A821,0.0,,
A439,0.0,,2023-05-10
A741,49.0,,2023-01-01
A233,52.0,289.35,
A957,0.0,220.22,2023-01-01
A297,0.0,,2023-01-01
A933,52.0,,
A480,0.0,,
A969,75.0,,2023-01-05
A179,0.0,,2023-01-01
A464,0.0,,2023-05-10
A558,0.0,459.64,2023-01-01
A163,13.0,438.98,
A113,0.0,,
A214,33.0,234.13,2023-01-05
A322,0.0,298.83,
A853,60.0,,2023-05-10
A454,0.0,,
A847,0.0,,2023-01-01
A474,0.0,,
A458,83.0,,2023-05-10
A565,0.0,,
A494,0.0,,2023-01-01
A698,0.0,,2023-05-10
A156,52.0,,
A614,0.0,,
A959,0.0,305.06,
A916,0.0,,
A501,0.0,,
A865,0.0,,
A783,23.0,,2023-01-01
A750,0.0,,2023-05-10
A515,0.0,,2023-01-01
A190,0.0,,2023-01-05
A462,0.0,,2023-05-10
A641,60.0,,2023-05-10
A470,0.0,,
A899,0.0,,
A630,0.0,,2023-05-10
A664,0.0,,
A739,0.0,,2023-01-01
A964,0.0,,
A819,0.0,,
A757,42.0,,2023-05-10
A773,0.0,,
A667,64.0,378.66,2023-05-10
A521,0.0,,2023-01-05
A454,51.0,,
A467,61.0,,2023-01-05
A993,0.0,110.79,
A413,0.0,239.58,
A849,0.0,,2023-01-01
A246,0.0,369.45,2023-01-05
A931,0.0,,2023-01-01
A619,0.0,389.09,2023-01-05
A404,0.0,,
A488,49.0,,
A144,0.0,238.34,2023-01-01
A851,0.0,,2023-05-10
A120,0.0,,2023-01-01
A968,0.0,,2023-05-10
A960,0.0,137.02,2023-05-10
A784,0.0,274.16,
A307,0.0,101.51,2023-01-01
A950,0.0,247.56,
A417,0.0,264.7,2023-01-01
A266,0.0,,2023-05-10
A508,0.0,,
A920,0.0,,2023-05-10
A651,5.0,,
A109,0.0,,
A895,0.0,,
A680,23.0,,2023-01-05
A326,83.0,27.21,
A825,0.0,,
A469,0.0,,
A723,0.0,70.29,2023-05-10
A538,0.0,195.38,2023-01-05
A173,80.0,405.7,2023-05-10
A367,97.0,227.15,2023-01-05
A860,32.0,,2023-01-05
A936,0.0,,2023-01-05
A793,0.0,,2023-01-05
A889,0.0,,
A358,0.0,482.37,
A937,0.0,,2023-01-01
A454,0.0,,
A713,0.0,,2023-05-10
A739,0.0,,
A843,0.0,31.95,
A128,0.0,,2023-01-05
A448,0.0,,2023-01-05
A423,24.0,91.05,
A656,0.0,,2023-01-01
A576,0.0,,2023-01-01
A421,0.0,,
A503,8.0,,2023-05-10
A258,0.0,376.79,
A588,0.0,,2023-01-01
A872,0.0,,2023-05-10
A511,0.0,,2023-05-10
A379,0.0,,2023-01-01
A181,75.0,,2023-05-10
A850,0.0,159.61,2023-05-10
A960,0.0,,
A354,0.0,,2023-05-10
A654,0.0,150.21,
A550,0.0,,2023-05-10
A655,48.0,,2023-05-10
A696,83.0,,2023-05-10
A208,0.0,,2023-05-10
A142,0.0,,2023-01-05
A864,0.0,,
A432,18.0,34.61,2023-01-01
A659,28.0,,2023-01-05
A657,49.0,,2023-01-05
A315,0.0,485.18,
A478,0.0,,2023-05-10
A214,0.0,,2023-05-10
A811,94.0,,
A788,0.0,,
A707,29.0,89.27,2023-05-10
A334,0.0,,2023-01-05
A475,0.0,,
A544,45.0,,2023-05-10
A428,0.0,,2023-05-10
A155,0.0,,2023-05-10
A254,0.0,390.51,2023-01-01
A317,0.0,,2023-01-01
A162,0.0,,2023-01-05
A584,0.0,,2023-01-01
A674,0.0,,2023-01-05
A639,36.0,,
A472,94.0,,2023-01-05
A640,50.0,,
A595,0.0,,2023-01-05
A228,0.0,396.14,2023-01-01
A967,0.0,420.24,2023-01-01
A553,0.0,372.15,
A617,0.0,,
A816,0.0,,
A624,0.0,,2023-05-10
A941,31.0,494.82,
A484,0.0,,2023-01-01
A795,0.0,,2023-05-10
A698,0.0,55.67,2023-05-10
A878,0.0,,
A825,61.0,395.42,2023-01-01
A176,64.0,,2023-01-01
A726,0.0,,
A110,0.0,,
A955,89.0,,2023-05-10
A122,91.0,,
A855,0.0,,2023-01-01
A308,0.0,,
A560,99.0,,
A358,0.0,,
A884,0.0,404.11,2023-05-10
A361,0.0,,2023-01-01
A508,0.0,,2023-01-01
A465,0.0,78.48,2023-05-10
A331,0.0,,
A209,18.0,216.43,2023-01-01
A669,0.0,,
A285,0.0,,2023-01-05
A749,0.0,359.82,
A787,0.0,,2023-01-05
A842,16.0,,
A135,0.0,,2023-01-05
A822,12.0,,2023-01-05
A999,0.0,383.25,
A912,0.0,,2023-01-01
A805,0.0,,2023-01-05
A423,71.0,,
A884,0.0,,
A582,71.0,413.0,2023-01-01
A224,79.0,,
A580,0.0,287.07,2023-01-05
A642,0.0,,2023-05-10
A737,0.0,,
A395,0.0,,2023-01-05
A911,0.0,,
A501,0.0,,2023-01-05
A369,41.0,499.73,
A797,0.0,302.53,
A713,87.0,303.84,
A477,37.0,,
A155,45.0,367.92,
A756,0.0,,
A374,0.0,,
A762,80.0,,
A816,0.0,,
A146,0.0,,
A775,0.0,,2023-05-10
A431,0.0,,2023-05-10
A297,0.0,,2023-01-05
A346,0.0,,
A903,0.0,300.47,2023-01-01
A352,13.0,,
A889,25.0,367.41,2023-01-01
A676,0.0,,
A205,66.0,381.57,
A625,27.0,298.52,2023-05-10
A725,0.0,,2023-01-05
A609,0.0,,2023-01-01
A769,0.0,,
A224,0.0,,
A814,32.0,,2023-01-05
A491,0.0,430.73,
A982,0.0,106.91,
A128,0.0,,2023-05-10
A771,19.0,275.09,2023-05-10
A749,0.0,79.96,
A786,0.0,,2023-05-10
A951,0.0,,
A730,40.0,,2023-05-10
A736,79.0,16.68,2023-01-05
A821,0.0,,
A967,0.0,,2023-01-01
A181,0.0,,2023-05-10
A314,0.0,366.99,
A558,64.0,,2023-01-01
A176,13.0,,2023-05-10
A435,0.0,,2023-05-10
A990,0.0,,2023-05-10
A350,0.0,,2023-01-01
A555,0.0,395.7,2023-05-10
A137,35.0,,2023-01-01
A754,0.0,,2023-01-05
A631,0.0,99.27,
A271,0.0,,
A375,0.0,,
A249,0.0,,
A690,0.0,,
A368,0.0,160.48,
A288,0.0,,2023-05-10
A798,0.0,,
A515,0.0,,
A631,12.0,,
A393,0.0,,2023-01-01
A458,0.0,,
A205,63.0,307.88,2023-05-10
A198,0.0,357.38,
A776,0.0,110.98,2023-01-05
A247,0.0,12.14,2023-01-01
A749,0.0,333.72,2023-01-05
A328,0.0,,2023-01-05
A345,13.0,,
A517,0.0,,2023-01-01
A305,34.0,,2023-01-01
A696,97.0,,2023-01-01
A402,0.0,45.94,
A663,0.0,220.32,2023-05-10
A774,0.0,,2023-01-01
A379,0.0,,2023-01-01
A877,0.0,100.01,2023-05-10
A888,0.0,,
A194,0.0,156.97,2023-05-10
A895,0.0,63.89,2023-01-05
A840,0.0,,2023-01-05
A289,0.0,,
A730,0.0,,2023-01-05
A519,0.0,,2023-01-01
A183,0.0,,2023-05-10
A341,0.0,364.74,
A812,37.0,,
A335,0.0,439.4,
A725,0.0,,2023-01-05
A691,0.0,,2023-01-05
A680,0.0,,2023-01-01
A358,0.0,338.07,
A292,0.0,,
A558,0.0,,2023-01-05
A399,2.0,,
A651,0.0,,2023-01-01
A611,0.0,,2023-01-05
A928,0.0,,
A746,0.0,,
A456,73.0,,2023-01-01
A912,61.0,,
A781,0.0,,
A763,0.0,109.06,
A797,0.0,379.79,2023-01-05
A170,0.0,127.39,2023-01-05
A445,0.0,,2023-01-01
A587,0.0,,2023-01-05
A384,91.0,,2023-01-05
A329,68.0,,
A612,0.0,,2023-01-01
A666,0.0,484.99,
A938,0.0,25.84,
A895,47.0,,2023-01-01
A867,0.0,161.51,
A763,0.0,,2023-05-10
A241,0.0,,
A708,0.0,,2023-01-05
A772,0.0,,
A592,0.0,,2023-05-10
A276,0.0,,2023-01-01
A752,66.0,,
A163,22.0,,2023-01-05
A464,0.0,,2023-01-05
A944,0.0,,
A946,64.0,,
A254,0.0,51.73,
A188,0.0,,
A937,9.0,297.51,
A592,0.0,,2023-05-10
A504,0.0,,
A894,0.0,,
A913,0.0,,2023-05-10
A850,91.0,,
A260,0.0,,2023-01-01
A258,0.0,,
A973,0.0,,2023-01-05
A161,0.0,,2023-01-05
A715,0.0,,2023-05-10
A738,0.0,,
A230,0.0,,2023-01-01
A260,73.0,394.31,2023-05-10
A565,0.0,,
A665,60.0,,2023-05-10
A499,0.0,,2023-01-05
A547,0.0,,
A826,16.0,,2023-01-01
A917,0.0,,
A789,9.0,,2023-01-01
A899,0.0,,2023-01-05
A284,0.0,,2023-01-01
A480,18.0,,2023-05-10
A843,0.0,,2023-01-05
A478,0.0,,2023-01-05
A938,0.0,,
A395,0.0,,2023-01-05
A974,0.0,,
A865,0.0,,2023-01-05
A169,0.0,,
A721,0.0,,2023-01-01
A272,0.0,412.44,2023-05-10
A720,0.0,,
A112,0.0,,
A373,0.0,195.51,2023-01-05
A703,0.0,334.75,
A679,0.0,,
A867,0.0,,2023-01-01
A973,0.0,,
A555,87.0,226.24,
A590,0.0,244.87,
A674,0.0,,2023-05-10
A607,0.0,,
A710,62.0,,
A573,82.0,,
A556,0.0,,2023-01-01
A319,0.0,,
A252,0.0,,2023-01-05
A476,0.0,402.54,
A284,0.0,,2023-01-05
A838,68.0,,2023-05-10
A207,0.0,,2023-01-05
A577,8.0,,
A325,0.0,321.17,2023-05-10
A570,0.0,,
A497,0.0,,
A804,16.0,,2023-01-01
A691,0.0,,
A898,0.0,,
A284,83.0,,
A483,0.0,,2023-05-10
A975,45.0,,2023-05-10
A680,40.0,,2023-05-10
A430,0.0,325.22,2023-01-01
A391,93.0,,2023-05-10
A719,0.0,,
A300,0.0,,2023-01-01
A208,0.0,14.16,
A146,0.0,32.23,
A811,8.0,,2023-01-05
A923,25.0,,
A973,0.0,453.67,
A155,8.0,446.36,2023-01-01
A599,55.0,255.71,2023-05-10
A488,0.0,229.53,2023-01-05
A933,0.0,,
A607,0.0,,
A564,0.0,,
A618,0.0,,2023-05-10
A323,0.0,,
A764,0.0,204.61,2023-01-05
A150,54.0,,2023-05-10
A313,78.0,,
A997,0.0,,2023-01-01
A742,0.0,,2023-01-01
A481,0.0,,2023-01-05
A430,8.0,,
A442,0.0,42.21,2023-01-05
A244,0.0,,
A375,0.0,,
A416,0.0,142.76,2023-01-01
A386,0.0,374.85,
A404,0.0,,2023-01-05
A672,0.0,76.32,2023-05-10
A780,0.0,,2023-01-01
A161,0.0,424.28,
A861,0.0,255.87,
A780,0.0,195.08,
A942,0.0,,2023-01-05
A311,0.0,,2023-01-01
A245,62.0,,2023-01-01
A640,81.0,146.89,2023-01-01
A545,0.0,,
A860,99.0,,2023-01-05
A808,0.0,,2023-01-01
A523,0.0,,2023-05-10
A742,0.0,,2023-01-05
A439,0.0,,2023-05-10
A764,0.0,113.5,2023-01-05
A824,0.0,99.89,
A299,91.0,369.75,
A671,0.0,13.91,2023-05-10
A890,0.0,,
A910,0.0,,2023-05-10
A345,0.0,122.14,
A835,0.0,,
A340,23.0,,2023-01-01
A535,98.0,,
A481,0.0,,
A294,0.0,,
A674,0.0,,
A869,0.0,,2023-05-10
A725,0.0,311.37,2023-01-05
A643,0.0,181.08,2023-05-10
A464,0.0,,
A854,0.0,,
A312,0.0,392.57,2023-05-10
A240,0.0,,2023-01-01
A724,0.0,,2023-01-01
A531,0.0,,
A780,40.0,,2023-01-01
A618,0.0,183.65,2023-01-01
A182,0.0,406.28,
A634,54.0,149.03,2023-01-01
A322,0.0,,2023-01-01
A209,58.0,,
A503,0.0,156.56,2023-01-01
A875,0.0,,
A243,5.0,,
A274,19.0,,2023-01-01
A672,24.0,,2023-05-10
A279,0.0,,
A500,25.0,,
A283,0.0,,
A923,0.0,164.31,2023-05-10
A329,0.0,,
A867,0.0,,
A417,0.0,448.61,2023-01-01
A635,3.0,137.67,
A781,0.0,,2023-01-05
A690,0.0,,
A745,0.0,,2023-01-01
A151,0.0,,2023-05-10
A255,27.0,,2023-01-05
A970,0.0,,
A694,0.0,,2023-05-10
A661,0.0,,
A473,0.0,54.18,
A104,36.0,,2023-01-05
A555,0.0,,2023-05-10
A565,0.0,,
A596,0.0,,2023-01-01
A153,7.0,,2023-01-01
A416,57.0,304.21,
A119,0.0,78.18,2023-01-05
A236,0.0,,2023-05-10
A926,0.0,,
A445,0.0,,
A916,0.0,209.96,2023-05-10
A473,0.0,404.56,2023-01-01
A713,0.0,470.68,2023-01-01
A274,0.0,,2023-01-05
A953,0.0,491.54,2023-01-05
A958,0.0,382.6,
A959,0.0,,2023-01-05
A234,82.0,,
A304,0.0,223.72,2023-01-01
A633,47.0,,
A640,0.0,,2023-01-01
A483,0.0,149.01,
A194,0.0,,2023-01-05
A592,0.0,,2023-01-01
A421,0.0,437.62,
A851,0.0,,
A972,0.0,,2023-01-01
A927,32.0,,
A996,0.0,,2023-01-05
A868,0.0,,2023-01-01
A431,72.0,,2023-01-05
A191,63.0,,2023-01-05
A831,0.0,328.94,2023-01-05
A475,64.0,,2023-05-10
A890,0.0,,2023-01-05
A890,22.0,329.64,
A381,4.0,194.37,2023-01-01
A504,0.0,,2023-05-10
A950,0.0,,
A957,0.0,,2023-01-01
A653,73.0,,
A633,0.0,,
A963,0.0,,
A817,0.0,,2023-01-01
A416,0.0,167.31,
A716,0.0,,2023-05-10
A369,0.0,,
A791,41.0,,
A370,0.0,,
A823,60.0,,2023-01-01
A361,41.0,,2023-05-10
A153,0.0,,2023-01-01
A623,0.0,,2023-01-01
A265,60.0,,
A459,43.0,,2023-01-05
A768,67.0,,2023-05-10
A410,25.0,,2023-05-10
A377,10.0,,
A636,0.0,,
A135,0.0,,2023-01-01
A341,0.0,,2023-01-01
A488,0.0,,2023-01-01
A551,0.0,,2023-01-01
A431,79.0,58.06,
A619,0.0,,
A776,70.0,,2023-05-10
A804,65.0,,
A872,0.0,469.38,2023-01-01
A670,0.0,,2023-01-01
A964,81.0,,
A295,0.0,,
A551,0.0,,2023-01-05
A179,28.0,,
A990,0.0,,2023-01-05
A163,0.0,436.32,2023-05-10
A900,0.0,34.67,
A791,0.0,,2023-05-10
A211,0.0,,
A107,0.0,109.79,
A210,0.0,,2023-01-05
A802,0.0,,2023-01-01
A710,0.0,444.37,2023-01-05
A900,0.0,,
A521,0.0,,2023-01-05
A465,36.0,,2023-05-10
A111,0.0,,2023-01-05
A344,0.0,,2023-05-10
A924,59.0,,2023-01-01
A730,0.0,,2023-01-05
A895,7.0,244.38,2023-05-10
A535,0.0,96.22,2023-01-05
A845,0.0,,
A816,0.0,,
A579,0.0,368.46,2023-01-01
A673,51.0,,2023-05-10
A274,0.0,364.2,2023-01-01
A856,0.0,,
A454,76.0,250.9,2023-01-01
A854,0.0,,
A735,0.0,,2023-01-01
A109,0.0,,2023-01-05
A683,57.0,,2023-01-01
A158,0.0,444.23,2023-05-10
A903,70.0,,2023-05-10
A416,0.0,,2023-05-10
A134,0.0,186.13,2023-05-10
A789,0.0,,2023-05-10
A406,0.0,,2023-05-10
A606,0.0,,
A652,81.0,,
A690,46.0,,
A189,0.0,13.08,
A311,56.0,375.02,2023-01-05
A807,8.0,,2023-05-10
A552,0.0,350.16,2023-01-05
A924,0.0,443.39,2023-01-05
A439,17.0,,2023-05-10
A267,0.0,,2023-01-05
A557,0.0,404.17,2023-05-10
A232,0.0,28.17,
A278,0.0,,
A219,0.0,,
A862,0.0,,
A204,0.0,,2023-01-05
A749,0.0,,2023-01-05
A532,38.0,56.65,2023-01-05
A307,0.0,250.77,
A477,0.0,,2023-01-01
A505,49.0,,
A518,1.0,38.19,2023-01-05
A159,0.0,,
A837,0.0,,
A530,64.0,260.97,2023-01-01
A902,0.0,454.57,2023-05-10
A457,17.0,,2023-05-10
A305,0.0,185.63,2023-01-01
A115,0.0,,
A284,0.0,,2023-01-01
A884,0.0,31.28,2023-05-10
A719,0.0,420.0,2023-05-10
A626,0.0,,2023-05-10
A665,0.0,,
A447,0.0,,
A913,0.0,,2023-01-05
A311,0.0,179.76,
A813,72.0,,2023-01-05
A245,0.0,189.38,
A806,0.0,,2023-01-01
A548,0.0,58.91,2023-01-05
A252,9.0,,
A796,0.0,,
A409,6.0,304.24,2023-01-05
A484,0.0,,2023-01-05
A438,0.0,,
A162,97.0,,
A931,0.0,,2023-05-10
A846,0.0,,2023-01-05
A164,0.0,484.03,
A932,0.0,,
A751,0.0,,2023-05-10
A982,48.0,,
A261,0.0,,
A417,0.0,,
A498,0.0,,2023-01-01
A214,70.0,,2023-01-01
A141,0.0,,2023-05-10
A771,0.0,159.39,
A245,0.0,,2023-01-01
A182,23.0,,
A388,0.0,,2023-05-10
A850,0.0,465.34,
A532,0.0,,2023-01-01
A612,0.0,,
A983,0.0,,2023-01-01
A697,5.0,,
A212,0.0,,2023-01-01
A698,0.0,225.81,2023-05-10
A788,0.0,,2023-01-05
A238,0.0,,2023-01-01
A129,88.0,,2023-05-10
A646,0.0,,2023-01-01
A870,0.0,,2023-01-01
A358,0.0,,2023-01-01
A636,32.0,183.48,2023-01-05
A742,0.0,,2023-01-01
A375,0.0,75.36,
A289,0.0,238.91,
A503,91.0,,
A809,0.0,,2023-01-05
A733,99.0,,2023-05-10
A503,0.0,381.08,2023-05-10
A372,0.0,,2023-01-05
A950,0.0,,2023-05-10
A999,0.0,,
A453,0.0,,2023-01-05
A551,0.0,,
A266,0.0,,
A622,0.0,,
A707,0.0,133.78,
A688,0.0,,2023-05-10
A466,0.0,,2023-01-01
A803,0.0,416.01,2023-01-05
A210,0.0,111.84,2023-01-05
A450,0.0,,
A216,0.0,,2023-05-10
A736,0.0,,2023-01-05
A172,0.0,24.57,2023-05-10
A407,0.0,,2023-05-10
A207,25.0,,
A325,0.0,,2023-01-05
A172,0.0,,2023-01-05
A729,0.0,,2023-05-10
A500,0.0,,2023-01-05
A717,0.0,,2023-01-01
A482,0.0,,2023-01-05
A267,0.0,6.45,2023-01-05
A166,0.0,,
A128,0.0,,2023-05-10
A691,0.0,15.75,2023-05-10
A362,58.0,,
A680,71.0,,2023-01-01
A797,0.0,165.18,2023-01-05
A126,0.0,,
A417,0.0,,
A739,8.0,,
A349,45.0,,2023-05-10
A885,0.0,,2023-05-10
A569,0.0,,
A897,0.0,,2023-05-10
A180,0.0,,2023-01-01
A522,55.0,,2023-01-01
A483,0.0,,
A612,0.0,,
A394,40.0,,
A112,0.0,387.86,2023-01-01
A897,59.0,,2023-05-10
A120,0.0,300.6,
A945,0.0,,2023-01-05
A903,59.0,,2023-01-01
A508,0.0,,2023-01-01
A264,0.0,,
A266,79.0,,2023-01-05
A490,0.0,,2023-01-01
A453,0.0,,2023-01-01
A848,0.0,,2023-01-05
A647,0.0,,2023-01-01
A222,0.0,,
A499,40.0,,
A165,0.0,,2023-01-01
A400,74.0,,2023-05-10
A682,0.0,,2023-01-05
A914,0.0,,
A959,0.0,173.1,2023-01-05
A109,0.0,,2023-05-10
A312,0.0,488.86,2023-05-10
A340,0.0,,
A169,0.0,,2023-01-01
A591,0.0,,2023-01-01
A303,0.0,,2023-01-01
A839,96.0,,2023-05-10
A706,0.0,,2023-05-10
A462,0.0,,2023-01-01
A560,0.0,,
A121,0.0,355.95,
A619,88.0,142.58,2023-05-10
A597,19.0,,
A311,8.0,,
A386,0.0,,2023-01-05
A257,0.0,215.35,
A264,0.0,,2023-01-01
A914,46.0,,
A321,24.0,169.73,
A346,0.0,161.21,2023-01-05
A191,0.0,,2023-05-10
A180,0.0,,
A901,0.0,,2023-01-01
A466,0.0,290.37,2023-01-05
A233,0.0,,2023-01-05
A126,0.0,42.35,2023-05-10
A338,0.0,,2023-05-10
A560,0.0,,
A724,35.0,,2023-01-01
A988,0.0,,
A388,0.0,,2023-05-10
A755,0.0,316.04,2023-05-10
A380,51.0,,2023-05-10
A753,23.0,257.96,2023-01-01
A923,0.0,,2023-05-10
A600,0.0,,
A775,49.0,273.12,
A546,0.0,185.35,
A328,0.0,,
A967,0.0,,2023-01-05
A722,0.0,,2023-01-01
A680,99.0,,
A877,53.0,,2023-05-10
A880,98.0,,2023-05-10
A787,0.0,,
A381,0.0,,2023-01-01
A766,0.0,,
A266,86.0,134.33,2023-01-01
A509,0.0,19.12,
A709,0.0,,2023-01-01
A838,0.0,248.16,
A678,0.0,,
A878,0.0,,2023-05-10
A361,0.0,,2023-01-05
A451,0.0,,2023-01-05
A115,0.0,,2023-01-05
A742,31.0,,2023-01-01
A455,0.0,,
A923,0.0,20.69,2023-01-05
A850,0.0,,2023-01-01
A850,85.0,,
A622,0.0,130.79,
A135,0.0,,2023-01-05
A201,28.0,,2023-01-05
A208,0.0,421.86,2023-01-05
A573,0.0,341.33,
A732,7.0,138.51,2023-05-10
A226,0.0,246.48,2023-05-10
A984,0.0,,
A788,0.0,,
A168,0.0,,
A146,32.0,,2023-01-01
A951,0.0,,2023-05-10
A388,0.0,,2023-01-01
A747,34.0,,
A685,0.0,,
A437,0.0,,
A489,0.0,,2023-01-01
A522,0.0,323.9,2023-05-10
A280,0.0,,2023-01-05
A655,100.0,,2023-01-05
A102,0.0,,2023-05-10
A585,0.0,,2023-01-05
A279,69.0,,2023-05-10
A925,0.0,62.3,2023-01-05
A505,0.0,,
A696,0.0,,2023-01-05
A626,0.0,,
A842,34.0,,
A527,0.0,,
A495,91.0,,2023-01-01
A768,0.0,369.34,
A855,56.0,,
A590,42.0,262.88,2023-05-10
A475,85.0,,
A273,0.0,90.85,2023-01-05
A550,0.0,,2023-01-05
A860,0.0,,
A771,0.0,,2023-05-10
A336,17.0,,2023-05-10
A523,0.0,,2023-01-05
A539,0.0,,2023-01-05
A233,64.0,,2023-05-10
A323,0.0,465.41,2023-01-05
A312,0.0,,
A821,0.0,,
A532,26.0,189.12,
A375,0.0,,2023-01-05
A401,0.0,,2023-01-01
A681,0.0,,2023-01-01
A901,0.0,,
A736,9.0,485.35,2023-01-01
A349,0.0,,2023-01-01
A356,0.0,176.63,
A394,54.0,,
A852,9.0,,
A693,0.0,,2023-05-10
A235,0.0,,2023-01-01
A477,0.0,,2023-01-01
A923,64.0,,
A407,0.0,319.33,2023-05-10
A546,96.0,,2023-01-05
A263,0.0,182.96,
A827,24.0,,2023-01-01
A319,0.0,,2023-01-05
A875,27.0,,2023-05-10
A737,100.0,77.37,2023-01-05
A389,0.0,,
A311,0.0,,
A701,0.0,,2023-01-01
A887,0.0,344.7,2023-01-01
A141,53.0,330.26,
A162,90.0,,2023-05-10
A571,0.0,,2023-01-01
A789,0.0,,
A719,0.0,,
A721,0.0,322.01,
A698,0.0,396.17,2023-01-05
A667,0.0,,2023-05-10
A657,0.0,263.32,2023-01-01
A275,53.0,,
A444,54.0,,
A659,57.0,,
A863,30.0,,2023-01-05
A842,0.0,370.49,2023-05-10
A153,0.0,,2023-01-05
A844,89.0,,
A545,0.0,212.75,2023-01-01
A335,0.0,,2023-01-01
A141,74.0,332.06,2023-05-10
A150,0.0,,
A278,0.0,,2023-01-01
A661,65.0,175.25,2023-01-05
A680,94.0,454.72,2023-01-05
A180,0.0,,2023-01-05
A322,0.0,,2023-05-10
A483,0.0,,
A423,0.0,,2023-05-10
A680,0.0,85.59,
A442,0.0,135.37,
A713,0.0,,2023-01-01
A835,18.0,254.58,2023-01-01
A722,0.0,,
A657,0.0,,2023-01-01
A263,0.0,,2023-01-05
A977,0.0,,
A515,0.0,,
A784,0.0,386.08,2023-01-01
A500,0.0,21.07,2023-05-10
A514,0.0,,
A918,14.0,166.25,2023-01-01
A106,0.0,,2023-01-01
A819,0.0,,
A124,0.0,,2023-01-01
A118,0.0,,
A435,0.0,,2023-01-01
A771,0.0,,2023-05-10
A663,0.0,,2023-05-10
A815,0.0,,
A430,0.0,,
A284,32.0,,2023-01-05
A124,2.0,,
A264,0.0,290.78,
A407,0.0,287.34,2023-01-05
A131,0.0,,
A779,87.0,,2023-01-01
A632,47.0,,2023-01-05
A759,9.0,,
A836,0.0,,2023-05-10
A580,0.0,,2023-01-01
A297,0.0,19.79,
A554,0.0,,2023-01-05
A469,0.0,,
A426,0.0,,2023-01-01
A458,0.0,,
A695,0.0,,
A970,92.0,,2023-01-05
A129,0.0,166.49,
A589,0.0,21.35,
A539,0.0,,
A563,0.0,,
A183,0.0,493.61,
A946,1.0,,
A377,0.0,,2023-01-05
A581,0.0,,2023-05-10
A731,0.0,,2023-01-05
A138,0.0,,
A902,31.0,,2023-01-05
A913,24.0,,2023-01-01
A547,0.0,,
A716,0.0,,2023-05-10
A706,43.0,,2023-01-01
A967,46.0,,2023-05-10
A450,0.0,,2023-01-05
A971,0.0,,
A490,0.0,284.48,
A993,39.0,267.16,2023-05-10
A951,0.0,,2023-01-01
A521,0.0,,
A728,0.0,,2023-05-10
A340,0.0,,
A227,0.0,,2023-01-05
A955,0.0,354.82,
A103,0.0,192.46,
A735,37.0,,
A651,0.0,,
A111,0.0,170.43,2023-01-01
A627,0.0,,
A500,0.0,66.4,2023-05-10
A888,20.0,,
A242,0.0,,
A666,0.0,,2023-05-10
A783,0.0,,
A500,0.0,,
A859,0.0,,2023-01-01
A442,0.0,,2023-05-10
A917,0.0,,
A772,0.0,,
A861,0.0,317.1,2023-01-01
A651,0.0,168.1,
A316,0.0,,2023-01-01
A461,7.0,,
A221,0.0,,
A418,0.0,207.38,
A424,0.0,,
A229,48.0,80.27,
A842,0.0,444.06,2023-01-05
A910,0.0,381.63,
A388,0.0,,2023-05-10
A876,0.0,135.89,2023-01-05
A452,0.0,28.52,
A167,0.0,,2023-01-01
A439,0.0,,2023-01-05
A685,0.0,,
A929,0.0,,2023-01-05
A425,23.0,,2023-01-05
A882,0.0,,
A872,0.0,,2023-01-05
A933,0.0,220.64,
A686,0.0,,2023-05-10
A100,0.0,235.91,2023-01-05
A874,0.0,56.51,2023-01-05
A358,0.0,,2023-01-05
A515,0.0,,
A938,23.0,,
A734,0.0,,
A199,0.0,,2023-01-05
A722,0.0,,
A460,0.0,,2023-01-05
A808,40.0,417.59,
A185,16.0,,2023-05-10
A612,0.0,,2023-05-10
A187,0.0,336.65,2023-01-05
A328,0.0,47.69,2023-01-05
A279,0.0,225.23,2023-05-10
A590,0.0,,2023-01-05
A685,99.0,13.57,2023-01-01
A398,34.0,,2023-01-01
A540,0.0,,
A903,0.0,,2023-05-10
A915,0.0,,2023-01-05
A430,0.0,,2023-01-01
A897,67.0,,2023-05-10
A211,0.0,,
A974,0.0,,2023-01-05
A182,0.0,,
A633,0.0,,
A140,82.0,338.33,2023-01-05
A444,63.0,,2023-05-10
A710,0.0,,2023-05-10
A484,0.0,,
A539,13.0,,
A706,0.0,,2023-01-01
A397,0.0,173.26,
A980,0.0,82.59,2023-01-01
A695,0.0,317.12,
A667,0.0,,2023-01-05
A353,0.0,107.95,2023-01-05
A894,0.0,,2023-01-05
A614,3.0,289.3,2023-05-10
A980,0.0,,
A720,0.0,,2023-01-01
A653,0.0,,2023-05-10
A263,0.0,,
A370,27.0,,
A383,6.0,,2023-01-05
A499,0.0,,
A294,0.0,,2023-01-05
A704,0.0,,2023-01-05
A989,8.0,,2023-05-10
A770,0.0,,2023-01-05
A181,56.0,,
A427,72.0,,2023-01-05
A481,0.0,,2023-01-05
A727,5.0,373.68,2023-01-05
A108,0.0,95.37,2023-05-10
A587,0.0,,2023-01-05
A329,0.0,191.1,
A536,0.0,,2023-01-01
A864,0.0,377.22,
A100,61.0,,2023-01-05
A642,26.0,,2023-05-10
A332,0.0,,
A891,45.0,,
A293,57.0,,2023-01-01
A372,0.0,451.16,2023-05-10
A700,0.0,,2023-05-10
A543,23.0,,2023-05-10
A981,0.0,,
A876,0.0,424.31,2023-05-10
A196,0.0,,
A371,0.0,,
A600,0.0,,
A351,78.0,,2023-01-05
A536,99.0,,2023-01-05
A517,0.0,58.82,
A833,0.0,,2023-05-10
A734,0.0,,
A614,0.0,,2023-01-01
A782,0.0,347.67,2023-05-10
A359,0.0,250.34,2023-01-01
A222,0.0,,2023-01-05
A565,0.0,457.92,
A488,0.0,209.8,
A662,0.0,,
A124,0.0,48.4,2023-05-10
A380,0.0,417.29,
A657,0.0,,2023-05-10
A498,93.0,253.39,
A659,53.0,,2023-05-10
A216,0.0,,2023-05-10
A493,0.0,58.41,
A303,0.0,,2023-01-01
A242,59.0,,
A619,15.0,336.29,2023-01-01
A169,0.0,442.12,2023-01-05
A279,31.0,,2023-01-05
A425,0.0,,
A947,0.0,221.3,2023-01-01
A255,83.0,,
A495,0.0,,
A816,0.0,460.28,2023-01-05
A659,78.0,178.52,
A904,0.0,,2023-01-01
A796,0.0,230.07,
A524,23.0,,2023-01-05
A142,0.0,,2023-01-01
A504,0.0,,
A574,62.0,,2023-05-10
A671,0.0,,2023-01-05
A813,0.0,174.35,2023-05-10
A375,0.0,106.16,2023-01-05
A222,0.0,,
A141,8.0,,
A693,0.0,,
A600,0.0,154.89,
A415,0.0,,2023-01-01
A526,0.0,211.48,2023-05-10
A956,86.0,,2023-01-05
A771,85.0,,2023-01-01
A166,0.0,227.6,2023-01-05
A639,94.0,,2023-01-01
A791,0.0,36.94,2023-05-10
A807,0.0,,2023-01-01
A651,0.0,,2023-05-10
A821,0.0,,2023-05-10
A623,0.0,,2023-05-10
A219,0.0,,2023-05-10
A212,87.0,,
A218,0.0,,2023-01-01
A293,0.0,,2023-05-10
A878,0.0,,
A383,0.0,,2023-01-05
A254,0.0,,2023-01-01
A849,0.0,165.99,2023-01-01
A718,0.0,,
A539,0.0,,
A316,0.0,385.71,
A287,0.0,,
A177,0.0,,2023-01-05
A512,0.0,,2023-01-01
A699,0.0,489.41,2023-05-10
A926,0.0,,2023-01-01
A665,0.0,,
A373,21.0,287.9,2023-01-05
A959,0.0,,2023-01-01
A379,39.0,,
A804,4.0,433.07,
A503,0.0,,2023-05-10
A667,58.0,,2023-01-01
A729,63.0,,
A793,0.0,,2023-01-01
A573,0.0,,2023-01-05
A230,0.0,,2023-05-10
A803,0.0,,2023-01-05
A191,0.0,,2023-05-10
A709,0.0,,2023-01-05
A827,4.0,235.2,
A135,0.0,,2023-01-05
A733,0.0,415.06,2023-05-10
A427,0.0,,2023-01-05
A263,0.0,,2023-05-10
A490,57.0,,2023-01-01
A218,0.0,,2023-01-05
A901,0.0,,
A756,56.0,,2023-01-05
A873,0.0,,
A652,0.0,,
A860,0.0,,2023-01-01
A164,10.0,,
A655,28.0,,
A753,0.0,,2023-05-10
A415,0.0,,
A403,100.0,,
A975,0.0,,2023-01-05
A542,0.0,,
A553,0.0,,
A907,0.0,64.09,
A804,0.0,486.5,
A927,0.0,,2023-05-10
A942,0.0,,
A840,0.0,260.4,2023-01-01
A131,0.0,,2023-05-10
A297,18.0,,2023-01-01
A361,37.0,,
A337,0.0,,2023-05-10
A490,56.0,400.68,2023-01-05
A191,0.0,,2023-05-10
A358,23.0,207.93,2023-05-10
A172,0.0,,2023-05-10
A334,41.0,,2023-01-05
A279,0.0,,
A833,20.0,,2023-05-10
A858,0.0,,
A982,0.0,48.9,2023-01-01
A206,0.0,,
A734,0.0,113.87,2023-01-01
A522,0.0,,2023-05-10
A996,0.0,,
A277,0.0,,
A593,66.0,,2023-01-01
A507,82.0,,
A634,0.0,,
A284,0.0,,
A307,0.0,,2023-01-01
A317,0.0,254.14,2023-05-10
A765,0.0,40.22,2023-01-01
A503,46.0,,
A810,48.0,278.24,2023-05-10
A172,0.0,,
A936,96.0,329.95,
A124,61.0,,2023-01-05
A344,0.0,315.59,2023-05-10
A642,0.0,,2023-01-05
A171,0.0,,
A394,0.0,259.96,
A941,0.0,,2023-05-10
A448,18.0,,
A719,65.0,30.71,2023-01-05
A153,0.0,,2023-01-01
A496,0.0,447.73,
A879,0.0,,2023-05-10
A663,0.0,,2023-05-10
A850,11.0,,
A393,0.0,,
A646,0.0,,2023-01-05
A424,0.0,,
A442,0.0,360.82,
A613,0.0,14.31,
A372,0.0,,
A859,0.0,,
A181,0.0,,2023-01-01
A848,0.0,,2023-05-10
A831,0.0,332.39,2023-05-10
A763,0.0,,2023-01-05
A186,0.0,,2023-05-10
A445,0.0,388.48,2023-05-10
A177,0.0,333.03,
A870,0.0,81.53,2023-01-01
A569,66.0,,2023-01-01
A222,0.0,,
A659,0.0,282.5,2023-01-01
A980,95.0,,
A680,0.0,,2023-01-01
A748,0.0,13.62,2023-01-01
A503,0.0,,
A421,0.0,,2023-05-10
A687,0.0,242.95,
A173,0.0,,
A400,0.0,,2023-05-10
A570,0.0,373.09,
A218,0.0,,2023-01-01
A605,0.0,,2023-01-01
A358,0.0,129.61,2023-05-10
A575,3.0,119.5,
A383,0.0,,2023-01-01
A729,0.0,149.21,2023-01-05
A607,0.0,,2023-01-05
A328,0.0,,2023-01-05
